-- FITFLOW: Seed fitness data from fitness_exercises_300_ru.json
-- Generated by: go run ./scripts/generate_seed

INSERT INTO muscles (name) VALUES
  ('Спина мышца'),
  ('Ноги мышца'),
  ('Бицепс мышца'),
  ('Пресс мышца'),
  ('Функциональные мышца'),
  ('Кеттлбелл мышца'),
  ('TRX мышца'),
  ('Плечи мышца'),
  ('Трицепс мышца'),
  ('Грудь мышца')
ON CONFLICT (name) DO NOTHING;

INSERT INTO exercises (id, name, muscle_group, equipment, tags, description, instruction, muscle_loads, formula, difficulty_level, is_base, is_popular, is_free)
VALUES
  ('06445310-2e0b-4364-b7d6-1fc6e050b282', 'Жим штанги лёжа', 'Грудь', ARRAY['штанга','гантели','тренажёр','блок','собственный вес']::TEXT[], ARRAY['сила','гипертрофия']::TEXT[], 'Упражнение Жим штанги лёжа развивает Грудь.', ARRAY['1. Принять исходное положение для Жим штанги лёжа','2. Сконцентрироваться на правильной технике Жим штанги лёжа','3. Выполнить движение плавно и контролируемо','4. Вернуться в исходное положение','5. Повторить в соответствии с программой']::TEXT[], '{"Грудь мышца":1.0000}'::jsonb, 'W = ((m_тела*0.15 + m_снаряда) * 9.81 * h * n_повт * n_сетов) * k_биомех * k_пол', 'Продвинутый', true, true, true),
  ('6801aca2-c432-4392-a69f-d62829f7704a', 'Жим гантелей лёжа', 'Грудь', ARRAY['штанга','гантели','тренажёр','блок','собственный вес']::TEXT[], ARRAY['сила','гипертрофия']::TEXT[], 'Упражнение Жим гантелей лёжа развивает Грудь.', ARRAY['1. Принять исходное положение для Жим гантелей лёжа','2. Сконцентрироваться на правильной технике Жим гантелей лёжа','3. Выполнить движение плавно и контролируемо','4. Вернуться в исходное положение','5. Повторить в соответствии с программой']::TEXT[], '{"Грудь мышца":1.0000}'::jsonb, 'W = ((m_тела*0.15 + m_снаряда) * 9.81 * h * n_повт * n_сетов) * k_биомех * k_пол', 'Начинающий', true, true, true),
  ('0bece3c0-304d-402f-8229-fab118c2854f', 'Отжимания на брусьях', 'Грудь', ARRAY['штанга','гантели','тренажёр','блок','собственный вес']::TEXT[], ARRAY['сила','гипертрофия']::TEXT[], 'Упражнение Отжимания на брусьях развивает Грудь.', ARRAY['1. Принять исходное положение для Отжимания на брусьях','2. Сконцентрироваться на правильной технике Отжимания на брусьях','3. Выполнить движение плавно и контролируемо','4. Вернуться в исходное положение','5. Повторить в соответствии с программой']::TEXT[], '{"Грудь мышца":1.0000}'::jsonb, 'W = ((m_тела*0.15 + m_снаряда) * 9.81 * h * n_повт * n_сетов) * k_биомех * k_пол', 'Средний', true, true, true),
  ('4893e7e4-9d26-4ea1-9259-c1428fa92c6e', 'Разводка гантелей лёжа', 'Грудь', ARRAY['штанга','гантели','тренажёр','блок','собственный вес']::TEXT[], ARRAY['сила','гипертрофия']::TEXT[], 'Упражнение Разводка гантелей лёжа развивает Грудь.', ARRAY['1. Принять исходное положение для Разводка гантелей лёжа','2. Сконцентрироваться на правильной технике Разводка гантелей лёжа','3. Выполнить движение плавно и контролируемо','4. Вернуться в исходное положение','5. Повторить в соответствии с программой']::TEXT[], '{"Грудь мышца":1.0000}'::jsonb, 'W = ((m_тела*0.15 + m_снаряда) * 9.81 * h * n_повт * n_сетов) * k_биомех * k_пол', 'Средний', true, true, true),
  ('d08c7d64-59dd-4b70-a82f-859adfae7b3f', 'Жим под углом вверх', 'Грудь', ARRAY['штанга','гантели','тренажёр','блок','собственный вес']::TEXT[], ARRAY['сила','гипертрофия']::TEXT[], 'Упражнение Жим под углом вверх развивает Грудь.', ARRAY['1. Принять исходное положение для Жим под углом вверх','2. Сконцентрироваться на правильной технике Жим под углом вверх','3. Выполнить движение плавно и контролируемо','4. Вернуться в исходное положение','5. Повторить в соответствии с программой']::TEXT[], '{"Грудь мышца":1.0000}'::jsonb, 'W = ((m_тела*0.15 + m_снаряда) * 9.81 * h * n_повт * n_сетов) * k_биомех * k_пол', 'Средний', true, true, true),
  ('d273eb95-92f4-4670-9541-ba1654404bb6', 'Разводка на блоках', 'Грудь', ARRAY['штанга','гантели','тренажёр','блок','собственный вес']::TEXT[], ARRAY['сила','гипертрофия']::TEXT[], 'Упражнение Разводка на блоках развивает Грудь.', ARRAY['1. Принять исходное положение для Разводка на блоках','2. Сконцентрироваться на правильной технике Разводка на блоках','3. Выполнить движение плавно и контролируемо','4. Вернуться в исходное положение','5. Повторить в соответствии с программой']::TEXT[], '{"Грудь мышца":1.0000}'::jsonb, 'W = ((m_тела*0.15 + m_снаряда) * 9.81 * h * n_повт * n_сетов) * k_биомех * k_пол', 'Начинающий', true, true, true),
  ('7b69fa10-3216-4873-ad3c-aea90d5cb450', 'Жим штанги на наклонной скамье', 'Грудь', ARRAY['штанга','гантели','тренажёр','блок','собственный вес']::TEXT[], ARRAY['сила','гипертрофия']::TEXT[], 'Упражнение Жим штанги на наклонной скамье развивает Грудь.', ARRAY['1. Принять исходное положение для Жим штанги на наклонной скамье','2. Сконцентрироваться на правильной технике Жим штанги на наклонной скамье','3. Выполнить движение плавно и контролируемо','4. Вернуться в исходное положение','5. Повторить в соответствии с программой']::TEXT[], '{"Грудь мышца":1.0000}'::jsonb, 'W = ((m_тела*0.15 + m_снаряда) * 9.81 * h * n_повт * n_сетов) * k_биомех * k_пол', 'Средний', true, true, true),
  ('4dd23dd0-300e-46a1-994d-1c362482214d', 'Жим гантелей под углом вниз', 'Грудь', ARRAY['штанга','гантели','тренажёр','блок','собственный вес']::TEXT[], ARRAY['сила','гипертрофия']::TEXT[], 'Упражнение Жим гантелей под углом вниз развивает Грудь.', ARRAY['1. Принять исходное положение для Жим гантелей под углом вниз','2. Сконцентрироваться на правильной технике Жим гантелей под углом вниз','3. Выполнить движение плавно и контролируемо','4. Вернуться в исходное положение','5. Повторить в соответствии с программой']::TEXT[], '{"Грудь мышца":1.0000}'::jsonb, 'W = ((m_тела*0.15 + m_снаряда) * 9.81 * h * n_повт * n_сетов) * k_биомех * k_пол', 'Начинающий', true, true, true),
  ('0200378a-e6fe-4962-a905-3ce7a3996b79', 'Пуловер с гантелью', 'Грудь', ARRAY['штанга','гантели','тренажёр','блок','собственный вес']::TEXT[], ARRAY['сила','гипертрофия']::TEXT[], 'Упражнение Пуловер с гантелью развивает Грудь.', ARRAY['1. Принять исходное положение для Пуловер с гантелью','2. Сконцентрироваться на правильной технике Пуловер с гантелью','3. Выполнить движение плавно и контролируемо','4. Вернуться в исходное положение','5. Повторить в соответствии с программой']::TEXT[], '{"Грудь мышца":1.0000}'::jsonb, 'W = ((m_тела*0.15 + m_снаряда) * 9.81 * h * n_повт * n_сетов) * k_биомех * k_пол', 'Средний', true, true, true),
  ('83c3b3a5-d05d-431f-8de2-88dd8dcad214', 'Отжимания на кольцах', 'Грудь', ARRAY['штанга','гантели','тренажёр','блок','собственный вес']::TEXT[], ARRAY['сила','гипертрофия']::TEXT[], 'Упражнение Отжимания на кольцах развивает Грудь.', ARRAY['1. Принять исходное положение для Отжимания на кольцах','2. Сконцентрироваться на правильной технике Отжимания на кольцах','3. Выполнить движение плавно и контролируемо','4. Вернуться в исходное положение','5. Повторить в соответствии с программой']::TEXT[], '{"Грудь мышца":1.0000}'::jsonb, 'W = ((m_тела*0.15 + m_снаряда) * 9.81 * h * n_повт * n_сетов) * k_биомех * k_пол', 'Продвинутый', true, true, true),
  ('4f7a4073-111c-4f61-85ed-9d295b19ffa3', 'Подтягивания', 'Спина', ARRAY['штанга','тренажёр','блок','собственный вес']::TEXT[], ARRAY['сила','гипертрофия']::TEXT[], 'Упражнение Подтягивания развивает Спина.', ARRAY['1. Принять исходное положение для Подтягивания','2. Сконцентрироваться на правильной технике Подтягивания','3. Выполнить движение плавно и контролируемо','4. Вернуться в исходное положение','5. Повторить в соответствии с программой']::TEXT[], '{"Спина мышца":1.0000}'::jsonb, 'W = ((m_тела*0.15 + m_снаряда) * 9.81 * h * n_повт * n_сетов) * k_биомех * k_пол', 'Продвинутый', true, true, true),
  ('a6352f59-1e5a-4f46-837a-fac570ea6d65', 'Тяга штанги в наклоне', 'Спина', ARRAY['штанга','тренажёр','блок','собственный вес']::TEXT[], ARRAY['сила','гипертрофия']::TEXT[], 'Упражнение Тяга штанги в наклоне развивает Спина.', ARRAY['1. Принять исходное положение для Тяга штанги в наклоне','2. Сконцентрироваться на правильной технике Тяга штанги в наклоне','3. Выполнить движение плавно и контролируемо','4. Вернуться в исходное положение','5. Повторить в соответствии с программой']::TEXT[], '{"Спина мышца":1.0000}'::jsonb, 'W = ((m_тела*0.15 + m_снаряда) * 9.81 * h * n_повт * n_сетов) * k_биомех * k_пол', 'Продвинутый', true, true, true),
  ('ab39e388-2f50-4466-bc7c-0b4f6ff41a60', 'Тяга блока к груди', 'Спина', ARRAY['штанга','тренажёр','блок','собственный вес']::TEXT[], ARRAY['сила','гипертрофия']::TEXT[], 'Упражнение Тяга блока к груди развивает Спина.', ARRAY['1. Принять исходное положение для Тяга блока к груди','2. Сконцентрироваться на правильной технике Тяга блока к груди','3. Выполнить движение плавно и контролируемо','4. Вернуться в исходное положение','5. Повторить в соответствии с программой']::TEXT[], '{"Спина мышца":1.0000}'::jsonb, 'W = ((m_тела*0.15 + m_снаряда) * 9.81 * h * n_повт * n_сетов) * k_биомех * k_пол', 'Средний', true, true, true),
  ('2be2e3be-513d-4ba3-a90a-59bd51060b27', 'Тяга Т-грифа', 'Спина', ARRAY['штанга','тренажёр','блок','собственный вес']::TEXT[], ARRAY['сила','гипертрофия']::TEXT[], 'Упражнение Тяга Т-грифа развивает Спина.', ARRAY['1. Принять исходное положение для Тяга Т-грифа','2. Сконцентрироваться на правильной технике Тяга Т-грифа','3. Выполнить движение плавно и контролируемо','4. Вернуться в исходное положение','5. Повторить в соответствии с программой']::TEXT[], '{"Спина мышца":1.0000}'::jsonb, 'W = ((m_тела*0.15 + m_снаряда) * 9.81 * h * n_повт * n_сетов) * k_биомех * k_пол', 'Средний', true, true, true),
  ('e84d96e2-8c05-4762-866c-b798d1f875d5', 'Становая тяга', 'Спина', ARRAY['штанга','тренажёр','блок','собственный вес']::TEXT[], ARRAY['сила','гипертрофия']::TEXT[], 'Упражнение Становая тяга развивает Спина.', ARRAY['1. Принять исходное положение для Становая тяга','2. Сконцентрироваться на правильной технике Становая тяга','3. Выполнить движение плавно и контролируемо','4. Вернуться в исходное положение','5. Повторить в соответствии с программой']::TEXT[], '{"Спина мышца":1.0000}'::jsonb, 'W = ((m_тела*0.15 + m_снаряда) * 9.81 * h * n_повт * n_сетов) * k_биомех * k_пол', 'Средний', true, true, true),
  ('536ec450-0a09-42db-8814-f7729937efd8', 'Гиперэкстензия на тренажёре', 'Спина', ARRAY['штанга','тренажёр','блок','собственный вес']::TEXT[], ARRAY['сила','гипертрофия']::TEXT[], 'Упражнение Гиперэкстензия на тренажёре развивает Спина.', ARRAY['1. Принять исходное положение для Гиперэкстензия на тренажёре','2. Сконцентрироваться на правильной технике Гиперэкстензия на тренажёре','3. Выполнить движение плавно и контролируемо','4. Вернуться в исходное положение','5. Повторить в соответствии с программой']::TEXT[], '{"Спина мышца":1.0000}'::jsonb, 'W = ((m_тела*0.15 + m_снаряда) * 9.81 * h * n_повт * n_сетов) * k_биомех * k_пол', 'Начинающий', true, true, true),
  ('dda7c71a-0cb0-47b4-8bb2-01f511e992cc', 'Тяга гантели в наклоне', 'Спина', ARRAY['штанга','тренажёр','блок','собственный вес']::TEXT[], ARRAY['сила','гипертрофия']::TEXT[], 'Упражнение Тяга гантели в наклоне развивает Спина.', ARRAY['1. Принять исходное положение для Тяга гантели в наклоне','2. Сконцентрироваться на правильной технике Тяга гантели в наклоне','3. Выполнить движение плавно и контролируемо','4. Вернуться в исходное положение','5. Повторить в соответствии с программой']::TEXT[], '{"Спина мышца":1.0000}'::jsonb, 'W = ((m_тела*0.15 + m_снаряда) * 9.81 * h * n_повт * n_сетов) * k_биомех * k_пол', 'Начинающий', true, true, true),
  ('a528ff26-c96e-4d81-a541-d4f565c7ecdc', 'Обратные подтягивания', 'Спина', ARRAY['штанга','тренажёр','блок','собственный вес']::TEXT[], ARRAY['сила','гипертрофия']::TEXT[], 'Упражнение Обратные подтягивания развивает Спина.', ARRAY['1. Принять исходное положение для Обратные подтягивания','2. Сконцентрироваться на правильной технике Обратные подтягивания','3. Выполнить движение плавно и контролируемо','4. Вернуться в исходное положение','5. Повторить в соответствии с программой']::TEXT[], '{"Спина мышца":1.0000}'::jsonb, 'W = ((m_тела*0.15 + m_снаряда) * 9.81 * h * n_повт * n_сетов) * k_биомех * k_пол', 'Продвинутый', true, true, true),
  ('9d7c15c3-0b75-48f7-a04f-0f42790a5a2c', 'Тяга верхнего блока прямыми руками', 'Спина', ARRAY['штанга','тренажёр','блок','собственный вес']::TEXT[], ARRAY['сила','гипертрофия']::TEXT[], 'Упражнение Тяга верхнего блока прямыми руками развивает Спина.', ARRAY['1. Принять исходное положение для Тяга верхнего блока прямыми руками','2. Сконцентрироваться на правильной технике Тяга верхнего блока прямыми руками','3. Выполнить движение плавно и контролируемо','4. Вернуться в исходное положение','5. Повторить в соответствии с программой']::TEXT[], '{"Спина мышца":1.0000}'::jsonb, 'W = ((m_тела*0.15 + m_снаряда) * 9.81 * h * n_повт * n_сетов) * k_биомех * k_пол', 'Средний', true, true, true),
  ('8b318109-14d8-413b-8817-8d755faa7b63', 'Тяга нижнего блока', 'Спина', ARRAY['штанга','тренажёр','блок','собственный вес']::TEXT[], ARRAY['сила','гипертрофия']::TEXT[], 'Упражнение Тяга нижнего блока развивает Спина.', ARRAY['1. Принять исходное положение для Тяга нижнего блока','2. Сконцентрироваться на правильной технике Тяга нижнего блока','3. Выполнить движение плавно и контролируемо','4. Вернуться в исходное положение','5. Повторить в соответствии с программой']::TEXT[], '{"Спина мышца":1.0000}'::jsonb, 'W = ((m_тела*0.15 + m_снаряда) * 9.81 * h * n_повт * n_сетов) * k_биомех * k_пол', 'Начинающий', true, true, true),
  ('e26d8676-e806-449d-8395-2da81102753a', 'Приседания со штангой', 'Ноги', ARRAY['штанга','гантели','тренажёр']::TEXT[], ARRAY['сила','мощность']::TEXT[], 'Упражнение Приседания со штангой развивает Ноги.', ARRAY['1. Принять исходное положение для Приседания со штангой','2. Сконцентрироваться на правильной технике Приседания со штангой','3. Выполнить движение плавно и контролируемо','4. Вернуться в исходное положение','5. Повторить в соответствии с программой']::TEXT[], '{"Ноги мышца":1.0000}'::jsonb, 'W = ((m_тела*0.15 + m_снаряда) * 9.81 * h * n_повт * n_сетов) * k_биомех * k_пол', 'Средний', true, true, true),
  ('b9df1f6a-9e16-4a38-b8fc-87683c4db4b1', 'Фронтальные приседания', 'Ноги', ARRAY['штанга','гантели','тренажёр']::TEXT[], ARRAY['сила','мощность']::TEXT[], 'Упражнение Фронтальные приседания развивает Ноги.', ARRAY['1. Принять исходное положение для Фронтальные приседания','2. Сконцентрироваться на правильной технике Фронтальные приседания','3. Выполнить движение плавно и контролируемо','4. Вернуться в исходное положение','5. Повторить в соответствии с программой']::TEXT[], '{"Ноги мышца":1.0000}'::jsonb, 'W = ((m_тела*0.15 + m_снаряда) * 9.81 * h * n_повт * n_сетов) * k_биомех * k_пол', 'Средний', true, true, true),
  ('0ccc60e0-77c0-4748-ab8b-6a4e41a45347', 'Румынская тяга', 'Ноги', ARRAY['штанга','гантели','тренажёр']::TEXT[], ARRAY['сила','мощность']::TEXT[], 'Упражнение Румынская тяга развивает Ноги.', ARRAY['1. Принять исходное положение для Румынская тяга','2. Сконцентрироваться на правильной технике Румынская тяга','3. Выполнить движение плавно и контролируемо','4. Вернуться в исходное положение','5. Повторить в соответствии с программой']::TEXT[], '{"Ноги мышца":1.0000}'::jsonb, 'W = ((m_тела*0.15 + m_снаряда) * 9.81 * h * n_повт * n_сетов) * k_биомех * k_пол', 'Начинающий', true, true, true),
  ('a4bed15e-6b8c-48ba-9d55-95b5514f5534', 'Жим ногами', 'Ноги', ARRAY['штанга','гантели','тренажёр']::TEXT[], ARRAY['сила','мощность']::TEXT[], 'Упражнение Жим ногами развивает Ноги.', ARRAY['1. Принять исходное положение для Жим ногами','2. Сконцентрироваться на правильной технике Жим ногами','3. Выполнить движение плавно и контролируемо','4. Вернуться в исходное положение','5. Повторить в соответствии с программой']::TEXT[], '{"Ноги мышца":1.0000}'::jsonb, 'W = ((m_тела*0.15 + m_снаряда) * 9.81 * h * n_повт * n_сетов) * k_биомех * k_пол', 'Начинающий', true, true, true),
  ('d792df34-cbf2-43dc-91d6-ff00e98a5df9', 'Выпады', 'Ноги', ARRAY['штанга','гантели','тренажёр']::TEXT[], ARRAY['сила','мощность']::TEXT[], 'Упражнение Выпады развивает Ноги.', ARRAY['1. Принять исходное положение для Выпады','2. Сконцентрироваться на правильной технике Выпады','3. Выполнить движение плавно и контролируемо','4. Вернуться в исходное положение','5. Повторить в соответствии с программой']::TEXT[], '{"Ноги мышца":1.0000}'::jsonb, 'W = ((m_тела*0.15 + m_снаряда) * 9.81 * h * n_повт * n_сетов) * k_биомех * k_пол', 'Продвинутый', true, true, true),
  ('307fbbe0-70b0-40b1-998f-7bdeab10f56b', 'Разгибание ног в тренажёре', 'Ноги', ARRAY['штанга','гантели','тренажёр']::TEXT[], ARRAY['сила','мощность']::TEXT[], 'Упражнение Разгибание ног в тренажёре развивает Ноги.', ARRAY['1. Принять исходное положение для Разгибание ног в тренажёре','2. Сконцентрироваться на правильной технике Разгибание ног в тренажёре','3. Выполнить движение плавно и контролируемо','4. Вернуться в исходное положение','5. Повторить в соответствии с программой']::TEXT[], '{"Ноги мышца":1.0000}'::jsonb, 'W = ((m_тела*0.15 + m_снаряда) * 9.81 * h * n_повт * n_сетов) * k_биомех * k_пол', 'Средний', true, true, true),
  ('e57f1bdd-7621-4e1e-9574-1042183ea1b5', 'Сгибание ног в тренажёре', 'Ноги', ARRAY['штанга','гантели','тренажёр']::TEXT[], ARRAY['сила','мощность']::TEXT[], 'Упражнение Сгибание ног в тренажёре развивает Ноги.', ARRAY['1. Принять исходное положение для Сгибание ног в тренажёре','2. Сконцентрироваться на правильной технике Сгибание ног в тренажёре','3. Выполнить движение плавно и контролируемо','4. Вернуться в исходное положение','5. Повторить в соответствии с программой']::TEXT[], '{"Ноги мышца":1.0000}'::jsonb, 'W = ((m_тела*0.15 + m_снаряда) * 9.81 * h * n_повт * n_сетов) * k_биомех * k_пол', 'Продвинутый', true, true, true),
  ('7e4d74d1-90d8-4000-8ed8-9e382dc8067f', 'Подъём на носки', 'Ноги', ARRAY['штанга','гантели','тренажёр']::TEXT[], ARRAY['сила','мощность']::TEXT[], 'Упражнение Подъём на носки развивает Ноги.', ARRAY['1. Принять исходное положение для Подъём на носки','2. Сконцентрироваться на правильной технике Подъём на носки','3. Выполнить движение плавно и контролируемо','4. Вернуться в исходное положение','5. Повторить в соответствии с программой']::TEXT[], '{"Ноги мышца":1.0000}'::jsonb, 'W = ((m_тела*0.15 + m_снаряда) * 9.81 * h * n_повт * n_сетов) * k_биомех * k_пол', 'Средний', true, true, true),
  ('1955f828-abd8-4d51-9822-e3b7fe92c746', 'Болгарские выпады', 'Ноги', ARRAY['штанга','гантели','тренажёр']::TEXT[], ARRAY['сила','мощность']::TEXT[], 'Упражнение Болгарские выпады развивает Ноги.', ARRAY['1. Принять исходное положение для Болгарские выпады','2. Сконцентрироваться на правильной технике Болгарские выпады','3. Выполнить движение плавно и контролируемо','4. Вернуться в исходное положение','5. Повторить в соответствии с программой']::TEXT[], '{"Ноги мышца":1.0000}'::jsonb, 'W = ((m_тела*0.15 + m_снаряда) * 9.81 * h * n_повт * n_сетов) * k_биомех * k_пол', 'Средний', true, true, true),
  ('2364e935-835a-434e-aa3d-b7c2b008dcc2', 'Приседания в тренажёре Хаккен', 'Ноги', ARRAY['штанга','гантели','тренажёр']::TEXT[], ARRAY['сила','мощность']::TEXT[], 'Упражнение Приседания в тренажёре Хаккен развивает Ноги.', ARRAY['1. Принять исходное положение для Приседания в тренажёре Хаккен','2. Сконцентрироваться на правильной технике Приседания в тренажёре Хаккен','3. Выполнить движение плавно и контролируемо','4. Вернуться в исходное положение','5. Повторить в соответствии с программой']::TEXT[], '{"Ноги мышца":1.0000}'::jsonb, 'W = ((m_тела*0.15 + m_снаряда) * 9.81 * h * n_повт * n_сетов) * k_биомех * k_пол', 'Продвинутый', true, true, true),
  ('0773ebae-5ed7-45c6-b567-cc7607a40b65', 'Жим штанги сидя', 'Плечи', ARRAY['штанга','гантели','тренажёр','блок']::TEXT[], ARRAY['сила','гипертрофия']::TEXT[], 'Упражнение Жим штанги сидя развивает Плечи.', ARRAY['1. Принять исходное положение для Жим штанги сидя','2. Сконцентрироваться на правильной технике Жим штанги сидя','3. Выполнить движение плавно и контролируемо','4. Вернуться в исходное положение','5. Повторить в соответствии с программой']::TEXT[], '{"Плечи мышца":1.0000}'::jsonb, 'W = ((m_тела*0.15 + m_снаряда) * 9.81 * h * n_повт * n_сетов) * k_биомех * k_пол', 'Начинающий', true, true, true),
  ('10115e5f-e50b-4e40-9c0a-b0c01a1f8929', 'Разведение гантелей в стороны', 'Плечи', ARRAY['штанга','гантели','тренажёр','блок']::TEXT[], ARRAY['сила','гипертрофия']::TEXT[], 'Упражнение Разведение гантелей в стороны развивает Плечи.', ARRAY['1. Принять исходное положение для Разведение гантелей в стороны','2. Сконцентрироваться на правильной технике Разведение гантелей в стороны','3. Выполнить движение плавно и контролируемо','4. Вернуться в исходное положение','5. Повторить в соответствии с программой']::TEXT[], '{"Плечи мышца":1.0000}'::jsonb, 'W = ((m_тела*0.15 + m_снаряда) * 9.81 * h * n_повт * n_сетов) * k_биомех * k_пол', 'Продвинутый', true, true, true),
  ('b9dcb93c-b0c0-4f0f-bf3b-cfa924a6e035', 'Подъём гантелей перед собой', 'Плечи', ARRAY['штанга','гантели','тренажёр','блок']::TEXT[], ARRAY['сила','гипертрофия']::TEXT[], 'Упражнение Подъём гантелей перед собой развивает Плечи.', ARRAY['1. Принять исходное положение для Подъём гантелей перед собой','2. Сконцентрироваться на правильной технике Подъём гантелей перед собой','3. Выполнить движение плавно и контролируемо','4. Вернуться в исходное положение','5. Повторить в соответствии с программой']::TEXT[], '{"Плечи мышца":1.0000}'::jsonb, 'W = ((m_тела*0.15 + m_снаряда) * 9.81 * h * n_повт * n_сетов) * k_биомех * k_пол', 'Начинающий', true, true, true),
  ('d795a117-f39b-4e50-96f0-79b581751cd9', 'Разведение гантелей в наклоне', 'Плечи', ARRAY['штанга','гантели','тренажёр','блок']::TEXT[], ARRAY['сила','гипертрофия']::TEXT[], 'Упражнение Разведение гантелей в наклоне развивает Плечи.', ARRAY['1. Принять исходное положение для Разведение гантелей в наклоне','2. Сконцентрироваться на правильной технике Разведение гантелей в наклоне','3. Выполнить движение плавно и контролируемо','4. Вернуться в исходное положение','5. Повторить в соответствии с программой']::TEXT[], '{"Плечи мышца":1.0000}'::jsonb, 'W = ((m_тела*0.15 + m_снаряда) * 9.81 * h * n_повт * n_сетов) * k_биомех * k_пол', 'Продвинутый', true, true, true),
  ('10612425-8cbb-4cc0-b990-59e2fd9d045e', 'Жим Арнольда', 'Плечи', ARRAY['штанга','гантели','тренажёр','блок']::TEXT[], ARRAY['сила','гипертрофия']::TEXT[], 'Упражнение Жим Арнольда развивает Плечи.', ARRAY['1. Принять исходное положение для Жим Арнольда','2. Сконцентрироваться на правильной технике Жим Арнольда','3. Выполнить движение плавно и контролируемо','4. Вернуться в исходное положение','5. Повторить в соответствии с программой']::TEXT[], '{"Плечи мышца":1.0000}'::jsonb, 'W = ((m_тела*0.15 + m_снаряда) * 9.81 * h * n_повт * n_сетов) * k_биомех * k_пол', 'Продвинутый', true, true, true),
  ('ae47c058-39d2-4794-87ae-51c1758c16ec', 'Жим в тренажёре', 'Плечи', ARRAY['штанга','гантели','тренажёр','блок']::TEXT[], ARRAY['сила','гипертрофия']::TEXT[], 'Упражнение Жим в тренажёре развивает Плечи.', ARRAY['1. Принять исходное положение для Жим в тренажёре','2. Сконцентрироваться на правильной технике Жим в тренажёре','3. Выполнить движение плавно и контролируемо','4. Вернуться в исходное положение','5. Повторить в соответствии с программой']::TEXT[], '{"Плечи мышца":1.0000}'::jsonb, 'W = ((m_тела*0.15 + m_снаряда) * 9.81 * h * n_повт * n_сетов) * k_биомех * k_пол', 'Начинающий', true, true, true),
  ('0c864f3d-963e-4eb8-bd10-c13abbc0fe30', 'Тяга штанги к подбородку', 'Плечи', ARRAY['штанга','гантели','тренажёр','блок']::TEXT[], ARRAY['сила','гипертрофия']::TEXT[], 'Упражнение Тяга штанги к подбородку развивает Плечи.', ARRAY['1. Принять исходное положение для Тяга штанги к подбородку','2. Сконцентрироваться на правильной технике Тяга штанги к подбородку','3. Выполнить движение плавно и контролируемо','4. Вернуться в исходное положение','5. Повторить в соответствии с программой']::TEXT[], '{"Плечи мышца":1.0000}'::jsonb, 'W = ((m_тела*0.15 + m_снаряда) * 9.81 * h * n_повт * n_сетов) * k_биомех * k_пол', 'Начинающий', true, true, true),
  ('81e01976-20e0-413f-8d8f-9e45545588fe', 'Тяга каната к лицу', 'Плечи', ARRAY['штанга','гантели','тренажёр','блок']::TEXT[], ARRAY['сила','гипертрофия']::TEXT[], 'Упражнение Тяга каната к лицу развивает Плечи.', ARRAY['1. Принять исходное положение для Тяга каната к лицу','2. Сконцентрироваться на правильной технике Тяга каната к лицу','3. Выполнить движение плавно и контролируемо','4. Вернуться в исходное положение','5. Повторить в соответствии с программой']::TEXT[], '{"Плечи мышца":1.0000}'::jsonb, 'W = ((m_тела*0.15 + m_снаряда) * 9.81 * h * n_повт * n_сетов) * k_биомех * k_пол', 'Продвинутый', true, true, true),
  ('16effbd2-0567-4ca2-a9b0-1bdf426e811b', 'Шраги с гантелями', 'Плечи', ARRAY['штанга','гантели','тренажёр','блок']::TEXT[], ARRAY['сила','гипертрофия']::TEXT[], 'Упражнение Шраги с гантелями развивает Плечи.', ARRAY['1. Принять исходное положение для Шраги с гантелями','2. Сконцентрироваться на правильной технике Шраги с гантелями','3. Выполнить движение плавно и контролируемо','4. Вернуться в исходное положение','5. Повторить в соответствии с программой']::TEXT[], '{"Плечи мышца":1.0000}'::jsonb, 'W = ((m_тела*0.15 + m_снаряда) * 9.81 * h * n_повт * n_сетов) * k_биомех * k_пол', 'Начинающий', true, true, true),
  ('53c99c84-fbfd-4b32-a42b-9d3c8c56f93c', 'Жим штанги сидя в смите', 'Плечи', ARRAY['штанга','гантели','тренажёр','блок']::TEXT[], ARRAY['сила','гипертрофия']::TEXT[], 'Упражнение Жим штанги сидя в смите развивает Плечи.', ARRAY['1. Принять исходное положение для Жим штанги сидя в смите','2. Сконцентрироваться на правильной технике Жим штанги сидя в смите','3. Выполнить движение плавно и контролируемо','4. Вернуться в исходное положение','5. Повторить в соответствии с программой']::TEXT[], '{"Плечи мышца":1.0000}'::jsonb, 'W = ((m_тела*0.15 + m_снаряда) * 9.81 * h * n_повт * n_сетов) * k_биомех * k_пол', 'Средний', true, true, true),
  ('42cfcaa3-f2ae-4077-8704-5ba9f4989995', 'Сгибание штанги стоя', 'Бицепс', ARRAY['штанга','гантели','блок']::TEXT[], ARRAY['гипертрофия','выносливость']::TEXT[], 'Упражнение Сгибание штанги стоя развивает Бицепс.', ARRAY['1. Принять исходное положение для Сгибание штанги стоя','2. Сконцентрироваться на правильной технике Сгибание штанги стоя','3. Выполнить движение плавно и контролируемо','4. Вернуться в исходное положение','5. Повторить в соответствии с программой']::TEXT[], '{"Бицепс мышца":1.0000}'::jsonb, 'W = ((m_тела*0.15 + m_снаряда) * 9.81 * h * n_повт * n_сетов) * k_биомех * k_пол', 'Продвинутый', true, true, true),
  ('6505bb6b-0164-4bc6-a4a1-6c79a0a0a6c1', 'Сгибание гантелей молот', 'Бицепс', ARRAY['штанга','гантели','блок']::TEXT[], ARRAY['гипертрофия','выносливость']::TEXT[], 'Упражнение Сгибание гантелей молот развивает Бицепс.', ARRAY['1. Принять исходное положение для Сгибание гантелей молот','2. Сконцентрироваться на правильной технике Сгибание гантелей молот','3. Выполнить движение плавно и контролируемо','4. Вернуться в исходное положение','5. Повторить в соответствии с программой']::TEXT[], '{"Бицепс мышца":1.0000}'::jsonb, 'W = ((m_тела*0.15 + m_снаряда) * 9.81 * h * n_повт * n_сетов) * k_биомех * k_пол', 'Начинающий', true, true, true),
  ('ab6b8f25-d4cb-46db-892f-65c3e576e744', 'Сгибание на скамье Скотта', 'Бицепс', ARRAY['штанга','гантели','блок']::TEXT[], ARRAY['гипертрофия','выносливость']::TEXT[], 'Упражнение Сгибание на скамье Скотта развивает Бицепс.', ARRAY['1. Принять исходное положение для Сгибание на скамье Скотта','2. Сконцентрироваться на правильной технике Сгибание на скамье Скотта','3. Выполнить движение плавно и контролируемо','4. Вернуться в исходное положение','5. Повторить в соответствии с программой']::TEXT[], '{"Бицепс мышца":1.0000}'::jsonb, 'W = ((m_тела*0.15 + m_снаряда) * 9.81 * h * n_повт * n_сетов) * k_биомех * k_пол', 'Начинающий', true, true, true),
  ('12eb0159-ba09-4418-85e7-ea0df880ad89', 'Сгибание на блоке', 'Бицепс', ARRAY['штанга','гантели','блок']::TEXT[], ARRAY['гипертрофия','выносливость']::TEXT[], 'Упражнение Сгибание на блоке развивает Бицепс.', ARRAY['1. Принять исходное положение для Сгибание на блоке','2. Сконцентрироваться на правильной технике Сгибание на блоке','3. Выполнить движение плавно и контролируемо','4. Вернуться в исходное положение','5. Повторить в соответствии с программой']::TEXT[], '{"Бицепс мышца":1.0000}'::jsonb, 'W = ((m_тела*0.15 + m_снаряда) * 9.81 * h * n_повт * n_сетов) * k_биомех * k_пол', 'Продвинутый', true, true, true),
  ('2d905e4a-27a6-458d-a26a-0e105279b46f', 'Сгибание концентрационное', 'Бицепс', ARRAY['штанга','гантели','блок']::TEXT[], ARRAY['гипертрофия','выносливость']::TEXT[], 'Упражнение Сгибание концентрационное развивает Бицепс.', ARRAY['1. Принять исходное положение для Сгибание концентрационное','2. Сконцентрироваться на правильной технике Сгибание концентрационное','3. Выполнить движение плавно и контролируемо','4. Вернуться в исходное положение','5. Повторить в соответствии с программой']::TEXT[], '{"Бицепс мышца":1.0000}'::jsonb, 'W = ((m_тела*0.15 + m_снаряда) * 9.81 * h * n_повт * n_сетов) * k_биомех * k_пол', 'Средний', true, true, true),
  ('617e9b32-ef8f-4c42-90a9-2e62a9a87bcc', 'EZ-гриф', 'Бицепс', ARRAY['штанга','гантели','блок']::TEXT[], ARRAY['гипертрофия','выносливость']::TEXT[], 'Упражнение EZ-гриф развивает Бицепс.', ARRAY['1. Принять исходное положение для EZ-гриф','2. Сконцентрироваться на правильной технике EZ-гриф','3. Выполнить движение плавно и контролируемо','4. Вернуться в исходное положение','5. Повторить в соответствии с программой']::TEXT[], '{"Бицепс мышца":1.0000}'::jsonb, 'W = ((m_тела*0.15 + m_снаряда) * 9.81 * h * n_повт * n_сетов) * k_биомех * k_пол', 'Начинающий', true, true, true),
  ('6e4cb65d-3f15-47db-aecb-f59a946b1632', 'Сгибание гантелей на наклонной скамье', 'Бицепс', ARRAY['штанга','гантели','блок']::TEXT[], ARRAY['гипертрофия','выносливость']::TEXT[], 'Упражнение Сгибание гантелей на наклонной скамье развивает Бицепс.', ARRAY['1. Принять исходное положение для Сгибание гантелей на наклонной скамье','2. Сконцентрироваться на правильной технике Сгибание гантелей на наклонной скамье','3. Выполнить движение плавно и контролируемо','4. Вернуться в исходное положение','5. Повторить в соответствии с программой']::TEXT[], '{"Бицепс мышца":1.0000}'::jsonb, 'W = ((m_тела*0.15 + m_снаряда) * 9.81 * h * n_повт * n_сетов) * k_биомех * k_пол', 'Продвинутый', true, true, true),
  ('f3015c90-1c17-48b3-8065-2a22722bb540', 'Обратное сгибание', 'Бицепс', ARRAY['штанга','гантели','блок']::TEXT[], ARRAY['гипертрофия','выносливость']::TEXT[], 'Упражнение Обратное сгибание развивает Бицепс.', ARRAY['1. Принять исходное положение для Обратное сгибание','2. Сконцентрироваться на правильной технике Обратное сгибание','3. Выполнить движение плавно и контролируемо','4. Вернуться в исходное положение','5. Повторить в соответствии с программой']::TEXT[], '{"Бицепс мышца":1.0000}'::jsonb, 'W = ((m_тела*0.15 + m_снаряда) * 9.81 * h * n_повт * n_сетов) * k_биомех * k_пол', 'Начинающий', true, true, true),
  ('dd19ae30-d36b-4206-ae80-e2b046512c8a', 'Сгибание в тренажёре', 'Бицепс', ARRAY['штанга','гантели','блок']::TEXT[], ARRAY['гипертрофия','выносливость']::TEXT[], 'Упражнение Сгибание в тренажёре развивает Бицепс.', ARRAY['1. Принять исходное положение для Сгибание в тренажёре','2. Сконцентрироваться на правильной технике Сгибание в тренажёре','3. Выполнить движение плавно и контролируемо','4. Вернуться в исходное положение','5. Повторить в соответствии с программой']::TEXT[], '{"Бицепс мышца":1.0000}'::jsonb, 'W = ((m_тела*0.15 + m_снаряда) * 9.81 * h * n_повт * n_сетов) * k_биомех * k_пол', 'Продвинутый', true, true, true),
  ('79c4a2b9-51d3-47bf-960f-7bbb8f3e1e01', 'Паучьи сгибания', 'Бицепс', ARRAY['штанга','гантели','блок']::TEXT[], ARRAY['гипертрофия','выносливость']::TEXT[], 'Упражнение Паучьи сгибания развивает Бицепс.', ARRAY['1. Принять исходное положение для Паучьи сгибания','2. Сконцентрироваться на правильной технике Паучьи сгибания','3. Выполнить движение плавно и контролируемо','4. Вернуться в исходное положение','5. Повторить в соответствии с программой']::TEXT[], '{"Бицепс мышца":1.0000}'::jsonb, 'W = ((m_тела*0.15 + m_снаряда) * 9.81 * h * n_повт * n_сетов) * k_биомех * k_пол', 'Продвинутый', true, true, true),
  ('05bc5c25-ef5b-466b-8931-f9a0ca05b737', 'Французский жим', 'Трицепс', ARRAY['штанга','гантели','блок']::TEXT[], ARRAY['гипертрофия','выносливость']::TEXT[], 'Упражнение Французский жим развивает Трицепс.', ARRAY['1. Принять исходное положение для Французский жим','2. Сконцентрироваться на правильной технике Французский жим','3. Выполнить движение плавно и контролируемо','4. Вернуться в исходное положение','5. Повторить в соответствии с программой']::TEXT[], '{"Трицепс мышца":1.0000}'::jsonb, 'W = ((m_тела*0.15 + m_снаряда) * 9.81 * h * n_повт * n_сетов) * k_биомех * k_пол', 'Продвинутый', true, true, true),
  ('09443d9e-2680-4de7-ac58-4d313d472756', 'Разгибание руки с гантелью', 'Трицепс', ARRAY['штанга','гантели','блок']::TEXT[], ARRAY['гипертрофия','выносливость']::TEXT[], 'Упражнение Разгибание руки с гантелью развивает Трицепс.', ARRAY['1. Принять исходное положение для Разгибание руки с гантелью','2. Сконцентрироваться на правильной технике Разгибание руки с гантелью','3. Выполнить движение плавно и контролируемо','4. Вернуться в исходное положение','5. Повторить в соответствии с программой']::TEXT[], '{"Трицепс мышца":1.0000}'::jsonb, 'W = ((m_тела*0.15 + m_снаряда) * 9.81 * h * n_повт * n_сетов) * k_биомех * k_пол', 'Продвинутый', true, true, true),
  ('6b2f89b3-ae8e-4495-a09d-64aa081c33c5', 'Жим узким хватом', 'Трицепс', ARRAY['штанга','гантели','блок']::TEXT[], ARRAY['гипертрофия','выносливость']::TEXT[], 'Упражнение Жим узким хватом развивает Трицепс.', ARRAY['1. Принять исходное положение для Жим узким хватом','2. Сконцентрироваться на правильной технике Жим узким хватом','3. Выполнить движение плавно и контролируемо','4. Вернуться в исходное положение','5. Повторить в соответствии с программой']::TEXT[], '{"Трицепс мышца":1.0000}'::jsonb, 'W = ((m_тела*0.15 + m_снаряда) * 9.81 * h * n_повт * n_сетов) * k_биомех * k_пол', 'Продвинутый', true, true, true),
  ('2fa7fe40-06d0-4843-86b8-065c4f2596cb', 'Сгибания на блоке', 'Трицепс', ARRAY['штанга','гантели','блок']::TEXT[], ARRAY['гипертрофия','выносливость']::TEXT[], 'Упражнение Сгибания на блоке развивает Трицепс.', ARRAY['1. Принять исходное положение для Сгибания на блоке','2. Сконцентрироваться на правильной технике Сгибания на блоке','3. Выполнить движение плавно и контролируемо','4. Вернуться в исходное положение','5. Повторить в соответствии с программой']::TEXT[], '{"Трицепс мышца":1.0000}'::jsonb, 'W = ((m_тела*0.15 + m_снаряда) * 9.81 * h * n_повт * n_сетов) * k_биомех * k_пол', 'Продвинутый', true, true, true),
  ('e79fa741-bac0-42ef-a6a2-0a60c9a32278', 'Отжимания на брусьях', 'Трицепс', ARRAY['штанга','гантели','блок']::TEXT[], ARRAY['гипертрофия','выносливость']::TEXT[], 'Упражнение Отжимания на брусьях развивает Трицепс.', ARRAY['1. Принять исходное положение для Отжимания на брусьях','2. Сконцентрироваться на правильной технике Отжимания на брусьях','3. Выполнить движение плавно и контролируемо','4. Вернуться в исходное положение','5. Повторить в соответствии с программой']::TEXT[], '{"Трицепс мышца":1.0000}'::jsonb, 'W = ((m_тела*0.15 + m_снаряда) * 9.81 * h * n_повт * n_сетов) * k_биомех * k_пол', 'Продвинутый', true, true, true),
  ('8457281f-0aec-4c11-bb13-a30b9d8780fe', 'Разгибание на блоке канатом', 'Трицепс', ARRAY['штанга','гантели','блок']::TEXT[], ARRAY['гипертрофия','выносливость']::TEXT[], 'Упражнение Разгибание на блоке канатом развивает Трицепс.', ARRAY['1. Принять исходное положение для Разгибание на блоке канатом','2. Сконцентрироваться на правильной технике Разгибание на блоке канатом','3. Выполнить движение плавно и контролируемо','4. Вернуться в исходное положение','5. Повторить в соответствии с программой']::TEXT[], '{"Трицепс мышца":1.0000}'::jsonb, 'W = ((m_тела*0.15 + m_снаряда) * 9.81 * h * n_повт * n_сетов) * k_биомех * k_пол', 'Продвинутый', true, true, true),
  ('25edd19c-ec77-4123-85ec-08cb410c6ff7', 'Разгибание гантели назад', 'Трицепс', ARRAY['штанга','гантели','блок']::TEXT[], ARRAY['гипертрофия','выносливость']::TEXT[], 'Упражнение Разгибание гантели назад развивает Трицепс.', ARRAY['1. Принять исходное положение для Разгибание гантели назад','2. Сконцентрироваться на правильной технике Разгибание гантели назад','3. Выполнить движение плавно и контролируемо','4. Вернуться в исходное положение','5. Повторить в соответствии с программой']::TEXT[], '{"Трицепс мышца":1.0000}'::jsonb, 'W = ((m_тела*0.15 + m_снаряда) * 9.81 * h * n_повт * n_сетов) * k_биомех * k_пол', 'Продвинутый', true, true, true),
  ('3db6a854-56ba-499b-b08d-b306882b0457', 'Жим в тренажёре', 'Трицепс', ARRAY['штанга','гантели','блок']::TEXT[], ARRAY['гипертрофия','выносливость']::TEXT[], 'Упражнение Жим в тренажёре развивает Трицепс.', ARRAY['1. Принять исходное положение для Жим в тренажёре','2. Сконцентрироваться на правильной технике Жим в тренажёре','3. Выполнить движение плавно и контролируемо','4. Вернуться в исходное положение','5. Повторить в соответствии с программой']::TEXT[], '{"Трицепс мышца":1.0000}'::jsonb, 'W = ((m_тела*0.15 + m_снаряда) * 9.81 * h * n_повт * n_сетов) * k_биомех * k_пол', 'Начинающий', true, true, true),
  ('0d121c78-406b-400f-bf60-e933385ac90b', 'Жим узким хватом в смите', 'Трицепс', ARRAY['штанга','гантели','блок']::TEXT[], ARRAY['гипертрофия','выносливость']::TEXT[], 'Упражнение Жим узким хватом в смите развивает Трицепс.', ARRAY['1. Принять исходное положение для Жим узким хватом в смите','2. Сконцентрироваться на правильной технике Жим узким хватом в смите','3. Выполнить движение плавно и контролируемо','4. Вернуться в исходное положение','5. Повторить в соответствии с программой']::TEXT[], '{"Трицепс мышца":1.0000}'::jsonb, 'W = ((m_тела*0.15 + m_снаряда) * 9.81 * h * n_повт * n_сетов) * k_биомех * k_пол', 'Продвинутый', true, true, true),
  ('e211a968-5edc-46a2-8f1c-f56a0ea63f91', 'Разгибание на верхнем блоке', 'Трицепс', ARRAY['штанга','гантели','блок']::TEXT[], ARRAY['гипертрофия','выносливость']::TEXT[], 'Упражнение Разгибание на верхнем блоке развивает Трицепс.', ARRAY['1. Принять исходное положение для Разгибание на верхнем блоке','2. Сконцентрироваться на правильной технике Разгибание на верхнем блоке','3. Выполнить движение плавно и контролируемо','4. Вернуться в исходное положение','5. Повторить в соответствии с программой']::TEXT[], '{"Трицепс мышца":1.0000}'::jsonb, 'W = ((m_тела*0.15 + m_снаряда) * 9.81 * h * n_повт * n_сетов) * k_биомех * k_пол', 'Продвинутый', true, true, true),
  ('bdd968e1-ace6-4a86-9394-7b7b6a510049', 'Скручивания', 'Пресс', ARRAY['собственный вес','тренажёр','блок']::TEXT[], ARRAY['выносливость','гибкость']::TEXT[], 'Упражнение Скручивания развивает Пресс.', ARRAY['1. Принять исходное положение для Скручивания','2. Сконцентрироваться на правильной технике Скручивания','3. Выполнить движение плавно и контролируемо','4. Вернуться в исходное положение','5. Повторить в соответствии с программой']::TEXT[], '{"Пресс мышца":1.0000}'::jsonb, 'W = ((m_тела*0.15 + m_снаряда) * 9.81 * h * n_повт * n_сетов) * k_биомех * k_пол', 'Начинающий', true, true, true),
  ('bd97a1c7-457c-4e35-a458-5834f0b2061a', 'Подъём ног в висе', 'Пресс', ARRAY['собственный вес','тренажёр','блок']::TEXT[], ARRAY['выносливость','гибкость']::TEXT[], 'Упражнение Подъём ног в висе развивает Пресс.', ARRAY['1. Принять исходное положение для Подъём ног в висе','2. Сконцентрироваться на правильной технике Подъём ног в висе','3. Выполнить движение плавно и контролируемо','4. Вернуться в исходное положение','5. Повторить в соответствии с программой']::TEXT[], '{"Пресс мышца":1.0000}'::jsonb, 'W = ((m_тела*0.15 + m_снаряда) * 9.81 * h * n_повт * n_сетов) * k_биомех * k_пол', 'Продвинутый', true, true, true),
  ('e3cb28dd-89bd-44c0-9b37-80c2abb3acd4', 'Планка', 'Пресс', ARRAY['собственный вес','тренажёр','блок']::TEXT[], ARRAY['выносливость','гибкость']::TEXT[], 'Упражнение Планка развивает Пресс.', ARRAY['1. Принять исходное положение для Планка','2. Сконцентрироваться на правильной технике Планка','3. Выполнить движение плавно и контролируемо','4. Вернуться в исходное положение','5. Повторить в соответствии с программой']::TEXT[], '{"Пресс мышца":1.0000}'::jsonb, 'W = ((m_тела*0.15 + m_снаряда) * 9.81 * h * n_повт * n_сетов) * k_биомех * k_пол', 'Начинающий', true, true, true),
  ('3ba9ecfc-6942-4486-9778-6f767c4647da', 'Русские скручивания', 'Пресс', ARRAY['собственный вес','тренажёр','блок']::TEXT[], ARRAY['выносливость','гибкость']::TEXT[], 'Упражнение Русские скручивания развивает Пресс.', ARRAY['1. Принять исходное положение для Русские скручивания','2. Сконцентрироваться на правильной технике Русские скручивания','3. Выполнить движение плавно и контролируемо','4. Вернуться в исходное положение','5. Повторить в соответствии с программой']::TEXT[], '{"Пресс мышца":1.0000}'::jsonb, 'W = ((m_тела*0.15 + m_снаряда) * 9.81 * h * n_повт * n_сетов) * k_биомех * k_пол', 'Продвинутый', true, true, true),
  ('ddfafeb1-be44-4812-9f74-e7bdfc6b68ba', 'Скручивания на блоке', 'Пресс', ARRAY['собственный вес','тренажёр','блок']::TEXT[], ARRAY['выносливость','гибкость']::TEXT[], 'Упражнение Скручивания на блоке развивает Пресс.', ARRAY['1. Принять исходное положение для Скручивания на блоке','2. Сконцентрироваться на правильной технике Скручивания на блоке','3. Выполнить движение плавно и контролируемо','4. Вернуться в исходное положение','5. Повторить в соответствии с программой']::TEXT[], '{"Пресс мышца":1.0000}'::jsonb, 'W = ((m_тела*0.15 + m_снаряда) * 9.81 * h * n_повт * n_сетов) * k_биомех * k_пол', 'Начинающий', true, true, true),
  ('0a93c859-bae8-4d3c-8e6b-f32f0e071248', 'Ролик для пресса', 'Пресс', ARRAY['собственный вес','тренажёр','блок']::TEXT[], ARRAY['выносливость','гибкость']::TEXT[], 'Упражнение Ролик для пресса развивает Пресс.', ARRAY['1. Принять исходное положение для Ролик для пресса','2. Сконцентрироваться на правильной технике Ролик для пресса','3. Выполнить движение плавно и контролируемо','4. Вернуться в исходное положение','5. Повторить в соответствии с программой']::TEXT[], '{"Пресс мышца":1.0000}'::jsonb, 'W = ((m_тела*0.15 + m_снаряда) * 9.81 * h * n_повт * n_сетов) * k_биомех * k_пол', 'Продвинутый', true, true, true),
  ('c5528088-e7b4-476a-91ee-d46b947adfe7', 'Велосипед', 'Пресс', ARRAY['собственный вес','тренажёр','блок']::TEXT[], ARRAY['выносливость','гибкость']::TEXT[], 'Упражнение Велосипед развивает Пресс.', ARRAY['1. Принять исходное положение для Велосипед','2. Сконцентрироваться на правильной технике Велосипед','3. Выполнить движение плавно и контролируемо','4. Вернуться в исходное положение','5. Повторить в соответствии с программой']::TEXT[], '{"Пресс мышца":1.0000}'::jsonb, 'W = ((m_тела*0.15 + m_снаряда) * 9.81 * h * n_повт * n_сетов) * k_биомех * k_пол', 'Продвинутый', true, true, true),
  ('692a92f1-b458-4ccb-a46d-e6c4d39b0751', 'Обратные скручивания', 'Пресс', ARRAY['собственный вес','тренажёр','блок']::TEXT[], ARRAY['выносливость','гибкость']::TEXT[], 'Упражнение Обратные скручивания развивает Пресс.', ARRAY['1. Принять исходное положение для Обратные скручивания','2. Сконцентрироваться на правильной технике Обратные скручивания','3. Выполнить движение плавно и контролируемо','4. Вернуться в исходное положение','5. Повторить в соответствии с программой']::TEXT[], '{"Пресс мышца":1.0000}'::jsonb, 'W = ((m_тела*0.15 + m_снаряда) * 9.81 * h * n_повт * n_сетов) * k_биомех * k_пол', 'Продвинутый', true, true, true),
  ('2144c438-7763-4ed9-8e0e-ca2766831e31', 'Кресло Скотта', 'Пресс', ARRAY['собственный вес','тренажёр','блок']::TEXT[], ARRAY['выносливость','гибкость']::TEXT[], 'Упражнение Кресло Скотта развивает Пресс.', ARRAY['1. Принять исходное положение для Кресло Скотта','2. Сконцентрироваться на правильной технике Кресло Скотта','3. Выполнить движение плавно и контролируемо','4. Вернуться в исходное положение','5. Повторить в соответствии с программой']::TEXT[], '{"Пресс мышца":1.0000}'::jsonb, 'W = ((m_тела*0.15 + m_снаряда) * 9.81 * h * n_повт * n_сетов) * k_биомех * k_пол', 'Продвинутый', true, true, true),
  ('2e8619c3-828d-484c-95ea-09d244d78f58', 'Боковая планка', 'Пресс', ARRAY['собственный вес','тренажёр','блок']::TEXT[], ARRAY['выносливость','гибкость']::TEXT[], 'Упражнение Боковая планка развивает Пресс.', ARRAY['1. Принять исходное положение для Боковая планка','2. Сконцентрироваться на правильной технике Боковая планка','3. Выполнить движение плавно и контролируемо','4. Вернуться в исходное положение','5. Повторить в соответствии с программой']::TEXT[], '{"Пресс мышца":1.0000}'::jsonb, 'W = ((m_тела*0.15 + m_снаряда) * 9.81 * h * n_повт * n_сетов) * k_биомех * k_пол', 'Начинающий', true, true, true),
  ('50ca36e6-079d-4f58-94f6-01171bd45ba5', 'Кеттлбелл свинг', 'Функциональные', ARRAY['собственный вес','гиря','санки']::TEXT[], ARRAY['выносливость','мощность']::TEXT[], 'Упражнение Кеттлбелл свинг развивает Функциональные.', ARRAY['1. Принять исходное положение для Кеттлбелл свинг','2. Сконцентрироваться на правильной технике Кеттлбелл свинг','3. Выполнить движение плавно и контролируемо','4. Вернуться в исходное положение','5. Повторить в соответствии с программой']::TEXT[], '{"Функциональные мышца":1.0000}'::jsonb, 'W = ((m_тела*0.15 + m_снаряда) * 9.81 * h * n_повт * n_сетов) * k_биомех * k_пол', 'Продвинутый', true, true, true),
  ('5cb51a75-d515-4dbf-a772-3cd35935fbca', 'Бой с канатами', 'Функциональные', ARRAY['собственный вес','гиря','санки']::TEXT[], ARRAY['выносливость','мощность']::TEXT[], 'Упражнение Бой с канатами развивает Функциональные.', ARRAY['1. Принять исходное положение для Бой с канатами','2. Сконцентрироваться на правильной технике Бой с канатами','3. Выполнить движение плавно и контролируемо','4. Вернуться в исходное положение','5. Повторить в соответствии с программой']::TEXT[], '{"Функциональные мышца":1.0000}'::jsonb, 'W = ((m_тела*0.15 + m_снаряда) * 9.81 * h * n_повт * n_сетов) * k_биомех * k_пол', 'Средний', true, true, true),
  ('47911679-4a97-4e1a-ae0a-fe3f4537f5ea', 'Прыжки на ящик', 'Функциональные', ARRAY['собственный вес','гиря','санки']::TEXT[], ARRAY['выносливость','мощность']::TEXT[], 'Упражнение Прыжки на ящик развивает Функциональные.', ARRAY['1. Принять исходное положение для Прыжки на ящик','2. Сконцентрироваться на правильной технике Прыжки на ящик','3. Выполнить движение плавно и контролируемо','4. Вернуться в исходное положение','5. Повторить в соответствии с программой']::TEXT[], '{"Функциональные мышца":1.0000}'::jsonb, 'W = ((m_тела*0.15 + m_снаряда) * 9.81 * h * n_повт * n_сетов) * k_биомех * k_пол', 'Средний', true, true, true),
  ('d2953680-8420-4e30-b608-86558dcaa39a', 'Медбол слэм', 'Функциональные', ARRAY['собственный вес','гиря','санки']::TEXT[], ARRAY['выносливость','мощность']::TEXT[], 'Упражнение Медбол слэм развивает Функциональные.', ARRAY['1. Принять исходное положение для Медбол слэм','2. Сконцентрироваться на правильной технике Медбол слэм','3. Выполнить движение плавно и контролируемо','4. Вернуться в исходное положение','5. Повторить в соответствии с программой']::TEXT[], '{"Функциональные мышца":1.0000}'::jsonb, 'W = ((m_тела*0.15 + m_снаряда) * 9.81 * h * n_повт * n_сетов) * k_биомех * k_пол', 'Продвинутый', true, true, true),
  ('5feb5559-7c43-4d65-bc0b-254c180fd597', 'Фермерская прогулка', 'Функциональные', ARRAY['собственный вес','гиря','санки']::TEXT[], ARRAY['выносливость','мощность']::TEXT[], 'Упражнение Фермерская прогулка развивает Функциональные.', ARRAY['1. Принять исходное положение для Фермерская прогулка','2. Сконцентрироваться на правильной технике Фермерская прогулка','3. Выполнить движение плавно и контролируемо','4. Вернуться в исходное положение','5. Повторить в соответствии с программой']::TEXT[], '{"Функциональные мышца":1.0000}'::jsonb, 'W = ((m_тела*0.15 + m_снаряда) * 9.81 * h * n_повт * n_сетов) * k_биомех * k_пол', 'Продвинутый', true, true, true),
  ('e3bd2a1d-9e0c-430f-80ad-f1c1253b91f5', 'Толчок с санями', 'Функциональные', ARRAY['собственный вес','гиря','санки']::TEXT[], ARRAY['выносливость','мощность']::TEXT[], 'Упражнение Толчок с санями развивает Функциональные.', ARRAY['1. Принять исходное положение для Толчок с санями','2. Сконцентрироваться на правильной технике Толчок с санями','3. Выполнить движение плавно и контролируемо','4. Вернуться в исходное положение','5. Повторить в соответствии с программой']::TEXT[], '{"Функциональные мышца":1.0000}'::jsonb, 'W = ((m_тела*0.15 + m_снаряда) * 9.81 * h * n_повт * n_сетов) * k_биомех * k_пол', 'Продвинутый', true, true, true),
  ('b3e5bd21-3278-4421-91f1-bc0dad99ec6b', 'Бег с санями', 'Функциональные', ARRAY['собственный вес','гиря','санки']::TEXT[], ARRAY['выносливость','мощность']::TEXT[], 'Упражнение Бег с санями развивает Функциональные.', ARRAY['1. Принять исходное положение для Бег с санями','2. Сконцентрироваться на правильной технике Бег с санями','3. Выполнить движение плавно и контролируемо','4. Вернуться в исходное положение','5. Повторить в соответствии с программой']::TEXT[], '{"Функциональные мышца":1.0000}'::jsonb, 'W = ((m_тела*0.15 + m_снаряда) * 9.81 * h * n_повт * n_сетов) * k_биомех * k_пол', 'Средний', true, true, true),
  ('dc5e13e5-7d3c-48cd-bb71-92549b3281bf', 'Переворот шины', 'Функциональные', ARRAY['собственный вес','гиря','санки']::TEXT[], ARRAY['выносливость','мощность']::TEXT[], 'Упражнение Переворот шины развивает Функциональные.', ARRAY['1. Принять исходное положение для Переворот шины','2. Сконцентрироваться на правильной технике Переворот шины','3. Выполнить движение плавно и контролируемо','4. Вернуться в исходное положение','5. Повторить в соответствии с программой']::TEXT[], '{"Функциональные мышца":1.0000}'::jsonb, 'W = ((m_тела*0.15 + m_снаряда) * 9.81 * h * n_повт * n_сетов) * k_биомех * k_пол', 'Средний', true, true, true),
  ('107b62cc-4b6e-4d79-84f7-fc197df5adbe', 'Лестница на скорость', 'Функциональные', ARRAY['собственный вес','гиря','санки']::TEXT[], ARRAY['выносливость','мощность']::TEXT[], 'Упражнение Лестница на скорость развивает Функциональные.', ARRAY['1. Принять исходное положение для Лестница на скорость','2. Сконцентрироваться на правильной технике Лестница на скорость','3. Выполнить движение плавно и контролируемо','4. Вернуться в исходное положение','5. Повторить в соответствии с программой']::TEXT[], '{"Функциональные мышца":1.0000}'::jsonb, 'W = ((m_тела*0.15 + m_снаряда) * 9.81 * h * n_повт * n_сетов) * k_биомех * k_пол', 'Начинающий', true, true, true),
  ('80fd6cac-f121-4997-8d42-935025573625', 'Медвежий ход', 'Функциональные', ARRAY['собственный вес','гиря','санки']::TEXT[], ARRAY['выносливость','мощность']::TEXT[], 'Упражнение Медвежий ход развивает Функциональные.', ARRAY['1. Принять исходное положение для Медвежий ход','2. Сконцентрироваться на правильной технике Медвежий ход','3. Выполнить движение плавно и контролируемо','4. Вернуться в исходное положение','5. Повторить в соответствии с программой']::TEXT[], '{"Функциональные мышца":1.0000}'::jsonb, 'W = ((m_тела*0.15 + m_снаряда) * 9.81 * h * n_повт * n_сетов) * k_биомех * k_пол', 'Начинающий', true, true, true),
  ('a03f0cba-4841-41da-ade9-e38df58b3394', 'Кеттлбелл клин', 'Кеттлбелл', ARRAY['гиря']::TEXT[], ARRAY['мощность','выносливость']::TEXT[], 'Упражнение Кеттлбелл клин развивает Кеттлбелл.', ARRAY['1. Принять исходное положение для Кеттлбелл клин','2. Сконцентрироваться на правильной технике Кеттлбелл клин','3. Выполнить движение плавно и контролируемо','4. Вернуться в исходное положение','5. Повторить в соответствии с программой']::TEXT[], '{"Кеттлбелл мышца":1.0000}'::jsonb, 'W = ((m_тела*0.15 + m_снаряда) * 9.81 * h * n_повт * n_сетов) * k_биомех * k_пол', 'Начинающий', true, true, true),
  ('529ea939-4cec-4b7e-94e5-dfcab56fd491', 'Кеттлбелл снэч', 'Кеттлбелл', ARRAY['гиря']::TEXT[], ARRAY['мощность','выносливость']::TEXT[], 'Упражнение Кеттлбелл снэч развивает Кеттлбелл.', ARRAY['1. Принять исходное положение для Кеттлбелл снэч','2. Сконцентрироваться на правильной технике Кеттлбелл снэч','3. Выполнить движение плавно и контролируемо','4. Вернуться в исходное положение','5. Повторить в соответствии с программой']::TEXT[], '{"Кеттлбелл мышца":1.0000}'::jsonb, 'W = ((m_тела*0.15 + m_снаряда) * 9.81 * h * n_повт * n_сетов) * k_биомех * k_пол', 'Начинающий', true, true, true),
  ('a65159ba-9baf-45d0-9926-ca6ba06b8ffd', 'Турецкий подъём', 'Кеттлбелл', ARRAY['гиря']::TEXT[], ARRAY['мощность','выносливость']::TEXT[], 'Упражнение Турецкий подъём развивает Кеттлбелл.', ARRAY['1. Принять исходное положение для Турецкий подъём','2. Сконцентрироваться на правильной технике Турецкий подъём','3. Выполнить движение плавно и контролируемо','4. Вернуться в исходное положение','5. Повторить в соответствии с программой']::TEXT[], '{"Кеттлбелл мышца":1.0000}'::jsonb, 'W = ((m_тела*0.15 + m_снаряда) * 9.81 * h * n_повт * n_сетов) * k_биомех * k_пол', 'Начинающий', true, true, true),
  ('6df64e03-33a1-4752-9039-fd473ada7539', 'Присед с гирей', 'Кеттлбелл', ARRAY['гиря']::TEXT[], ARRAY['мощность','выносливость']::TEXT[], 'Упражнение Присед с гирей развивает Кеттлбелл.', ARRAY['1. Принять исходное положение для Присед с гирей','2. Сконцентрироваться на правильной технике Присед с гирей','3. Выполнить движение плавно и контролируемо','4. Вернуться в исходное положение','5. Повторить в соответствии с программой']::TEXT[], '{"Кеттлбелл мышца":1.0000}'::jsonb, 'W = ((m_тела*0.15 + m_снаряда) * 9.81 * h * n_повт * n_сетов) * k_биомех * k_пол', 'Начинающий', true, true, true),
  ('4df6785e-beb6-441d-9024-c05617a457a6', 'Жим гири', 'Кеттлбелл', ARRAY['гиря']::TEXT[], ARRAY['мощность','выносливость']::TEXT[], 'Упражнение Жим гири развивает Кеттлбелл.', ARRAY['1. Принять исходное положение для Жим гири','2. Сконцентрироваться на правильной технике Жим гири','3. Выполнить движение плавно и контролируемо','4. Вернуться в исходное положение','5. Повторить в соответствии с программой']::TEXT[], '{"Кеттлбелл мышца":1.0000}'::jsonb, 'W = ((m_тела*0.15 + m_снаряда) * 9.81 * h * n_повт * n_сетов) * k_биомех * k_пол', 'Средний', true, true, true),
  ('f43d1324-6e24-486b-b0c3-d563941ce079', 'Тяга гири', 'Кеттлбелл', ARRAY['гиря']::TEXT[], ARRAY['мощность','выносливость']::TEXT[], 'Упражнение Тяга гири развивает Кеттлбелл.', ARRAY['1. Принять исходное положение для Тяга гири','2. Сконцентрироваться на правильной технике Тяга гири','3. Выполнить движение плавно и контролируемо','4. Вернуться в исходное положение','5. Повторить в соответствии с программой']::TEXT[], '{"Кеттлбелл мышца":1.0000}'::jsonb, 'W = ((m_тела*0.15 + m_снаряда) * 9.81 * h * n_повт * n_сетов) * k_биомех * k_пол', 'Средний', true, true, true),
  ('413166af-1d50-42a5-8403-b59929cc5b07', 'Высокий подъём гири', 'Кеттлбелл', ARRAY['гиря']::TEXT[], ARRAY['мощность','выносливость']::TEXT[], 'Упражнение Высокий подъём гири развивает Кеттлбелл.', ARRAY['1. Принять исходное положение для Высокий подъём гири','2. Сконцентрироваться на правильной технике Высокий подъём гири','3. Выполнить движение плавно и контролируемо','4. Вернуться в исходное положение','5. Повторить в соответствии с программой']::TEXT[], '{"Кеттлбелл мышца":1.0000}'::jsonb, 'W = ((m_тела*0.15 + m_снаряда) * 9.81 * h * n_повт * n_сетов) * k_биомех * k_пол', 'Продвинутый', true, true, true),
  ('b52eb0ff-981d-430c-ad7b-836a4295ced5', 'Ветряная мельница с гирей', 'Кеттлбелл', ARRAY['гиря']::TEXT[], ARRAY['мощность','выносливость']::TEXT[], 'Упражнение Ветряная мельница с гирей развивает Кеттлбелл.', ARRAY['1. Принять исходное положение для Ветряная мельница с гирей','2. Сконцентрироваться на правильной технике Ветряная мельница с гирей','3. Выполнить движение плавно и контролируемо','4. Вернуться в исходное положение','5. Повторить в соответствии с программой']::TEXT[], '{"Кеттлбелл мышца":1.0000}'::jsonb, 'W = ((m_тела*0.15 + m_снаряда) * 9.81 * h * n_повт * n_сетов) * k_биомех * k_пол', 'Продвинутый', true, true, true),
  ('6d34d6b1-2dab-40a2-8aee-3448dce6b023', 'Фигура-8 с гирей', 'Кеттлбелл', ARRAY['гиря']::TEXT[], ARRAY['мощность','выносливость']::TEXT[], 'Упражнение Фигура-8 с гирей развивает Кеттлбелл.', ARRAY['1. Принять исходное положение для Фигура-8 с гирей','2. Сконцентрироваться на правильной технике Фигура-8 с гирей','3. Выполнить движение плавно и контролируемо','4. Вернуться в исходное положение','5. Повторить в соответствии с программой']::TEXT[], '{"Кеттлбелл мышца":1.0000}'::jsonb, 'W = ((m_тела*0.15 + m_снаряда) * 9.81 * h * n_повт * n_сетов) * k_биомех * k_пол', 'Продвинутый', true, true, true),
  ('bcb14782-df95-49b4-93c9-b5b334da9e59', 'Выпады с гирей', 'Кеттлбелл', ARRAY['гиря']::TEXT[], ARRAY['мощность','выносливость']::TEXT[], 'Упражнение Выпады с гирей развивает Кеттлбелл.', ARRAY['1. Принять исходное положение для Выпады с гирей','2. Сконцентрироваться на правильной технике Выпады с гирей','3. Выполнить движение плавно и контролируемо','4. Вернуться в исходное положение','5. Повторить в соответствии с программой']::TEXT[], '{"Кеттлбелл мышца":1.0000}'::jsonb, 'W = ((m_тела*0.15 + m_снаряда) * 9.81 * h * n_повт * n_сетов) * k_биомех * k_пол', 'Начинающий', true, true, true),
  ('318fc175-c495-419b-bc6c-2851ef180489', 'TRX тяга', 'TRX', ARRAY['TRX']::TEXT[], ARRAY['выносливость','гибкость']::TEXT[], 'Упражнение TRX тяга развивает TRX.', ARRAY['1. Принять исходное положение для TRX тяга','2. Сконцентрироваться на правильной технике TRX тяга','3. Выполнить движение плавно и контролируемо','4. Вернуться в исходное положение','5. Повторить в соответствии с программой']::TEXT[], '{"TRX мышца":1.0000}'::jsonb, 'W = ((m_тела*0.15 + m_снаряда) * 9.81 * h * n_повт * n_сетов) * k_биомех * k_пол', 'Начинающий', true, true, true),
  ('66082c66-b886-4a22-8e5f-b9cd965b204f', 'TRX жим', 'TRX', ARRAY['TRX']::TEXT[], ARRAY['выносливость','гибкость']::TEXT[], 'Упражнение TRX жим развивает TRX.', ARRAY['1. Принять исходное положение для TRX жим','2. Сконцентрироваться на правильной технике TRX жим','3. Выполнить движение плавно и контролируемо','4. Вернуться в исходное положение','5. Повторить в соответствии с программой']::TEXT[], '{"TRX мышца":1.0000}'::jsonb, 'W = ((m_тела*0.15 + m_снаряда) * 9.81 * h * n_повт * n_сетов) * k_биомех * k_пол', 'Продвинутый', true, true, true),
  ('53a06309-9c2e-41e4-91cc-eb0ef99fd7ce', 'TRX пике', 'TRX', ARRAY['TRX']::TEXT[], ARRAY['выносливость','гибкость']::TEXT[], 'Упражнение TRX пике развивает TRX.', ARRAY['1. Принять исходное положение для TRX пике','2. Сконцентрироваться на правильной технике TRX пике','3. Выполнить движение плавно и контролируемо','4. Вернуться в исходное положение','5. Повторить в соответствии с программой']::TEXT[], '{"TRX мышца":1.0000}'::jsonb, 'W = ((m_тела*0.15 + m_снаряда) * 9.81 * h * n_повт * n_сетов) * k_биомех * k_пол', 'Начинающий', true, true, true),
  ('7eb97d4e-c7b4-4adc-9fec-8cbeb0453c9a', 'TRX сгибание ног', 'TRX', ARRAY['TRX']::TEXT[], ARRAY['выносливость','гибкость']::TEXT[], 'Упражнение TRX сгибание ног развивает TRX.', ARRAY['1. Принять исходное положение для TRX сгибание ног','2. Сконцентрироваться на правильной технике TRX сгибание ног','3. Выполнить движение плавно и контролируемо','4. Вернуться в исходное положение','5. Повторить в соответствии с программой']::TEXT[], '{"TRX мышца":1.0000}'::jsonb, 'W = ((m_тела*0.15 + m_снаряда) * 9.81 * h * n_повт * n_сетов) * k_биомех * k_пол', 'Средний', true, true, true),
  ('8a123fff-5b39-4ee2-aa75-a2c216661ba1', 'TRX Т-флай', 'TRX', ARRAY['TRX']::TEXT[], ARRAY['выносливость','гибкость']::TEXT[], 'Упражнение TRX Т-флай развивает TRX.', ARRAY['1. Принять исходное положение для TRX Т-флай','2. Сконцентрироваться на правильной технике TRX Т-флай','3. Выполнить движение плавно и контролируемо','4. Вернуться в исходное положение','5. Повторить в соответствии с программой']::TEXT[], '{"TRX мышца":1.0000}'::jsonb, 'W = ((m_тела*0.15 + m_снаряда) * 9.81 * h * n_повт * n_сетов) * k_биомех * k_пол', 'Средний', true, true, true),
  ('0cfbfa10-f1e5-4dd6-bed7-0fa9902f1ece', 'TRX сгибание рук', 'TRX', ARRAY['TRX']::TEXT[], ARRAY['выносливость','гибкость']::TEXT[], 'Упражнение TRX сгибание рук развивает TRX.', ARRAY['1. Принять исходное положение для TRX сгибание рук','2. Сконцентрироваться на правильной технике TRX сгибание рук','3. Выполнить движение плавно и контролируемо','4. Вернуться в исходное положение','5. Повторить в соответствии с программой']::TEXT[], '{"TRX мышца":1.0000}'::jsonb, 'W = ((m_тела*0.15 + m_снаряда) * 9.81 * h * n_повт * n_сетов) * k_биомех * k_пол', 'Продвинутый', true, true, true),
  ('775943a9-2607-4596-bbd7-3ee53f92080e', 'TRX разгибание рук', 'TRX', ARRAY['TRX']::TEXT[], ARRAY['выносливость','гибкость']::TEXT[], 'Упражнение TRX разгибание рук развивает TRX.', ARRAY['1. Принять исходное положение для TRX разгибание рук','2. Сконцентрироваться на правильной технике TRX разгибание рук','3. Выполнить движение плавно и контролируемо','4. Вернуться в исходное положение','5. Повторить в соответствии с программой']::TEXT[], '{"TRX мышца":1.0000}'::jsonb, 'W = ((m_тела*0.15 + m_снаряда) * 9.81 * h * n_повт * n_сетов) * k_биомех * k_пол', 'Начинающий', true, true, true),
  ('4dabcc49-7ad5-4db4-8c08-324da9af8543', 'TRX маунтин-клаймбер', 'TRX', ARRAY['TRX']::TEXT[], ARRAY['выносливость','гибкость']::TEXT[], 'Упражнение TRX маунтин-клаймбер развивает TRX.', ARRAY['1. Принять исходное положение для TRX маунтин-клаймбер','2. Сконцентрироваться на правильной технике TRX маунтин-клаймбер','3. Выполнить движение плавно и контролируемо','4. Вернуться в исходное положение','5. Повторить в соответствии с программой']::TEXT[], '{"TRX мышца":1.0000}'::jsonb, 'W = ((m_тела*0.15 + m_снаряда) * 9.81 * h * n_повт * n_сетов) * k_биомех * k_пол', 'Продвинутый', true, true, true),
  ('677b6579-3bd3-4244-8ff6-c64ab5c54a20', 'TRX планка', 'TRX', ARRAY['TRX']::TEXT[], ARRAY['выносливость','гибкость']::TEXT[], 'Упражнение TRX планка развивает TRX.', ARRAY['1. Принять исходное положение для TRX планка','2. Сконцентрироваться на правильной технике TRX планка','3. Выполнить движение плавно и контролируемо','4. Вернуться в исходное положение','5. Повторить в соответствии с программой']::TEXT[], '{"TRX мышца":1.0000}'::jsonb, 'W = ((m_тела*0.15 + m_снаряда) * 9.81 * h * n_повт * n_сетов) * k_биомех * k_пол', 'Средний', true, true, true),
  ('1237d410-364a-48db-9fc6-a0f36fb218b5', 'TRX Y-флай', 'TRX', ARRAY['TRX']::TEXT[], ARRAY['выносливость','гибкость']::TEXT[], 'Упражнение TRX Y-флай развивает TRX.', ARRAY['1. Принять исходное положение для TRX Y-флай','2. Сконцентрироваться на правильной технике TRX Y-флай','3. Выполнить движение плавно и контролируемо','4. Вернуться в исходное положение','5. Повторить в соответствии с программой']::TEXT[], '{"TRX мышца":1.0000}'::jsonb, 'W = ((m_тела*0.15 + m_снаряда) * 9.81 * h * n_повт * n_сетов) * k_биомех * k_пол', 'Продвинутый', true, true, true)
ON CONFLICT (id) DO UPDATE SET name = EXCLUDED.name, muscle_group = EXCLUDED.muscle_group, equipment = EXCLUDED.equipment, tags = EXCLUDED.tags, description = EXCLUDED.description, instruction = EXCLUDED.instruction, muscle_loads = EXCLUDED.muscle_loads, formula = EXCLUDED.formula, difficulty_level = EXCLUDED.difficulty_level, is_base = EXCLUDED.is_base, is_popular = EXCLUDED.is_popular, is_free = EXCLUDED.is_free;

INSERT INTO exercise_muscles (exercise_id, muscle_id, load_share)
SELECT v.exercise_id, m.id, v.load_share FROM (VALUES
  ('06445310-2e0b-4364-b7d6-1fc6e050b282'::uuid, 'Грудь мышца', 1.0000),
  ('6801aca2-c432-4392-a69f-d62829f7704a'::uuid, 'Грудь мышца', 1.0000),
  ('0bece3c0-304d-402f-8229-fab118c2854f'::uuid, 'Грудь мышца', 1.0000),
  ('4893e7e4-9d26-4ea1-9259-c1428fa92c6e'::uuid, 'Грудь мышца', 1.0000),
  ('d08c7d64-59dd-4b70-a82f-859adfae7b3f'::uuid, 'Грудь мышца', 1.0000),
  ('d273eb95-92f4-4670-9541-ba1654404bb6'::uuid, 'Грудь мышца', 1.0000),
  ('7b69fa10-3216-4873-ad3c-aea90d5cb450'::uuid, 'Грудь мышца', 1.0000),
  ('4dd23dd0-300e-46a1-994d-1c362482214d'::uuid, 'Грудь мышца', 1.0000),
  ('0200378a-e6fe-4962-a905-3ce7a3996b79'::uuid, 'Грудь мышца', 1.0000),
  ('83c3b3a5-d05d-431f-8de2-88dd8dcad214'::uuid, 'Грудь мышца', 1.0000),
  ('4f7a4073-111c-4f61-85ed-9d295b19ffa3'::uuid, 'Спина мышца', 1.0000),
  ('a6352f59-1e5a-4f46-837a-fac570ea6d65'::uuid, 'Спина мышца', 1.0000),
  ('ab39e388-2f50-4466-bc7c-0b4f6ff41a60'::uuid, 'Спина мышца', 1.0000),
  ('2be2e3be-513d-4ba3-a90a-59bd51060b27'::uuid, 'Спина мышца', 1.0000),
  ('e84d96e2-8c05-4762-866c-b798d1f875d5'::uuid, 'Спина мышца', 1.0000),
  ('536ec450-0a09-42db-8814-f7729937efd8'::uuid, 'Спина мышца', 1.0000),
  ('dda7c71a-0cb0-47b4-8bb2-01f511e992cc'::uuid, 'Спина мышца', 1.0000),
  ('a528ff26-c96e-4d81-a541-d4f565c7ecdc'::uuid, 'Спина мышца', 1.0000),
  ('9d7c15c3-0b75-48f7-a04f-0f42790a5a2c'::uuid, 'Спина мышца', 1.0000),
  ('8b318109-14d8-413b-8817-8d755faa7b63'::uuid, 'Спина мышца', 1.0000),
  ('e26d8676-e806-449d-8395-2da81102753a'::uuid, 'Ноги мышца', 1.0000),
  ('b9df1f6a-9e16-4a38-b8fc-87683c4db4b1'::uuid, 'Ноги мышца', 1.0000),
  ('0ccc60e0-77c0-4748-ab8b-6a4e41a45347'::uuid, 'Ноги мышца', 1.0000),
  ('a4bed15e-6b8c-48ba-9d55-95b5514f5534'::uuid, 'Ноги мышца', 1.0000),
  ('d792df34-cbf2-43dc-91d6-ff00e98a5df9'::uuid, 'Ноги мышца', 1.0000),
  ('307fbbe0-70b0-40b1-998f-7bdeab10f56b'::uuid, 'Ноги мышца', 1.0000),
  ('e57f1bdd-7621-4e1e-9574-1042183ea1b5'::uuid, 'Ноги мышца', 1.0000),
  ('7e4d74d1-90d8-4000-8ed8-9e382dc8067f'::uuid, 'Ноги мышца', 1.0000),
  ('1955f828-abd8-4d51-9822-e3b7fe92c746'::uuid, 'Ноги мышца', 1.0000),
  ('2364e935-835a-434e-aa3d-b7c2b008dcc2'::uuid, 'Ноги мышца', 1.0000),
  ('0773ebae-5ed7-45c6-b567-cc7607a40b65'::uuid, 'Плечи мышца', 1.0000),
  ('10115e5f-e50b-4e40-9c0a-b0c01a1f8929'::uuid, 'Плечи мышца', 1.0000),
  ('b9dcb93c-b0c0-4f0f-bf3b-cfa924a6e035'::uuid, 'Плечи мышца', 1.0000),
  ('d795a117-f39b-4e50-96f0-79b581751cd9'::uuid, 'Плечи мышца', 1.0000),
  ('10612425-8cbb-4cc0-b990-59e2fd9d045e'::uuid, 'Плечи мышца', 1.0000),
  ('ae47c058-39d2-4794-87ae-51c1758c16ec'::uuid, 'Плечи мышца', 1.0000),
  ('0c864f3d-963e-4eb8-bd10-c13abbc0fe30'::uuid, 'Плечи мышца', 1.0000),
  ('81e01976-20e0-413f-8d8f-9e45545588fe'::uuid, 'Плечи мышца', 1.0000),
  ('16effbd2-0567-4ca2-a9b0-1bdf426e811b'::uuid, 'Плечи мышца', 1.0000),
  ('53c99c84-fbfd-4b32-a42b-9d3c8c56f93c'::uuid, 'Плечи мышца', 1.0000),
  ('42cfcaa3-f2ae-4077-8704-5ba9f4989995'::uuid, 'Бицепс мышца', 1.0000),
  ('6505bb6b-0164-4bc6-a4a1-6c79a0a0a6c1'::uuid, 'Бицепс мышца', 1.0000),
  ('ab6b8f25-d4cb-46db-892f-65c3e576e744'::uuid, 'Бицепс мышца', 1.0000),
  ('12eb0159-ba09-4418-85e7-ea0df880ad89'::uuid, 'Бицепс мышца', 1.0000),
  ('2d905e4a-27a6-458d-a26a-0e105279b46f'::uuid, 'Бицепс мышца', 1.0000),
  ('617e9b32-ef8f-4c42-90a9-2e62a9a87bcc'::uuid, 'Бицепс мышца', 1.0000),
  ('6e4cb65d-3f15-47db-aecb-f59a946b1632'::uuid, 'Бицепс мышца', 1.0000),
  ('f3015c90-1c17-48b3-8065-2a22722bb540'::uuid, 'Бицепс мышца', 1.0000),
  ('dd19ae30-d36b-4206-ae80-e2b046512c8a'::uuid, 'Бицепс мышца', 1.0000),
  ('79c4a2b9-51d3-47bf-960f-7bbb8f3e1e01'::uuid, 'Бицепс мышца', 1.0000),
  ('05bc5c25-ef5b-466b-8931-f9a0ca05b737'::uuid, 'Трицепс мышца', 1.0000),
  ('09443d9e-2680-4de7-ac58-4d313d472756'::uuid, 'Трицепс мышца', 1.0000),
  ('6b2f89b3-ae8e-4495-a09d-64aa081c33c5'::uuid, 'Трицепс мышца', 1.0000),
  ('2fa7fe40-06d0-4843-86b8-065c4f2596cb'::uuid, 'Трицепс мышца', 1.0000),
  ('e79fa741-bac0-42ef-a6a2-0a60c9a32278'::uuid, 'Трицепс мышца', 1.0000),
  ('8457281f-0aec-4c11-bb13-a30b9d8780fe'::uuid, 'Трицепс мышца', 1.0000),
  ('25edd19c-ec77-4123-85ec-08cb410c6ff7'::uuid, 'Трицепс мышца', 1.0000),
  ('3db6a854-56ba-499b-b08d-b306882b0457'::uuid, 'Трицепс мышца', 1.0000),
  ('0d121c78-406b-400f-bf60-e933385ac90b'::uuid, 'Трицепс мышца', 1.0000),
  ('e211a968-5edc-46a2-8f1c-f56a0ea63f91'::uuid, 'Трицепс мышца', 1.0000),
  ('bdd968e1-ace6-4a86-9394-7b7b6a510049'::uuid, 'Пресс мышца', 1.0000),
  ('bd97a1c7-457c-4e35-a458-5834f0b2061a'::uuid, 'Пресс мышца', 1.0000),
  ('e3cb28dd-89bd-44c0-9b37-80c2abb3acd4'::uuid, 'Пресс мышца', 1.0000),
  ('3ba9ecfc-6942-4486-9778-6f767c4647da'::uuid, 'Пресс мышца', 1.0000),
  ('ddfafeb1-be44-4812-9f74-e7bdfc6b68ba'::uuid, 'Пресс мышца', 1.0000),
  ('0a93c859-bae8-4d3c-8e6b-f32f0e071248'::uuid, 'Пресс мышца', 1.0000),
  ('c5528088-e7b4-476a-91ee-d46b947adfe7'::uuid, 'Пресс мышца', 1.0000),
  ('692a92f1-b458-4ccb-a46d-e6c4d39b0751'::uuid, 'Пресс мышца', 1.0000),
  ('2144c438-7763-4ed9-8e0e-ca2766831e31'::uuid, 'Пресс мышца', 1.0000),
  ('2e8619c3-828d-484c-95ea-09d244d78f58'::uuid, 'Пресс мышца', 1.0000),
  ('50ca36e6-079d-4f58-94f6-01171bd45ba5'::uuid, 'Функциональные мышца', 1.0000),
  ('5cb51a75-d515-4dbf-a772-3cd35935fbca'::uuid, 'Функциональные мышца', 1.0000),
  ('47911679-4a97-4e1a-ae0a-fe3f4537f5ea'::uuid, 'Функциональные мышца', 1.0000),
  ('d2953680-8420-4e30-b608-86558dcaa39a'::uuid, 'Функциональные мышца', 1.0000),
  ('5feb5559-7c43-4d65-bc0b-254c180fd597'::uuid, 'Функциональные мышца', 1.0000),
  ('e3bd2a1d-9e0c-430f-80ad-f1c1253b91f5'::uuid, 'Функциональные мышца', 1.0000),
  ('b3e5bd21-3278-4421-91f1-bc0dad99ec6b'::uuid, 'Функциональные мышца', 1.0000),
  ('dc5e13e5-7d3c-48cd-bb71-92549b3281bf'::uuid, 'Функциональные мышца', 1.0000),
  ('107b62cc-4b6e-4d79-84f7-fc197df5adbe'::uuid, 'Функциональные мышца', 1.0000),
  ('80fd6cac-f121-4997-8d42-935025573625'::uuid, 'Функциональные мышца', 1.0000),
  ('a03f0cba-4841-41da-ade9-e38df58b3394'::uuid, 'Кеттлбелл мышца', 1.0000),
  ('529ea939-4cec-4b7e-94e5-dfcab56fd491'::uuid, 'Кеттлбелл мышца', 1.0000),
  ('a65159ba-9baf-45d0-9926-ca6ba06b8ffd'::uuid, 'Кеттлбелл мышца', 1.0000),
  ('6df64e03-33a1-4752-9039-fd473ada7539'::uuid, 'Кеттлбелл мышца', 1.0000),
  ('4df6785e-beb6-441d-9024-c05617a457a6'::uuid, 'Кеттлбелл мышца', 1.0000),
  ('f43d1324-6e24-486b-b0c3-d563941ce079'::uuid, 'Кеттлбелл мышца', 1.0000),
  ('413166af-1d50-42a5-8403-b59929cc5b07'::uuid, 'Кеттлбелл мышца', 1.0000),
  ('b52eb0ff-981d-430c-ad7b-836a4295ced5'::uuid, 'Кеттлбелл мышца', 1.0000),
  ('6d34d6b1-2dab-40a2-8aee-3448dce6b023'::uuid, 'Кеттлбелл мышца', 1.0000),
  ('bcb14782-df95-49b4-93c9-b5b334da9e59'::uuid, 'Кеттлбелл мышца', 1.0000),
  ('318fc175-c495-419b-bc6c-2851ef180489'::uuid, 'TRX мышца', 1.0000),
  ('66082c66-b886-4a22-8e5f-b9cd965b204f'::uuid, 'TRX мышца', 1.0000),
  ('53a06309-9c2e-41e4-91cc-eb0ef99fd7ce'::uuid, 'TRX мышца', 1.0000),
  ('7eb97d4e-c7b4-4adc-9fec-8cbeb0453c9a'::uuid, 'TRX мышца', 1.0000),
  ('8a123fff-5b39-4ee2-aa75-a2c216661ba1'::uuid, 'TRX мышца', 1.0000),
  ('0cfbfa10-f1e5-4dd6-bed7-0fa9902f1ece'::uuid, 'TRX мышца', 1.0000),
  ('775943a9-2607-4596-bbd7-3ee53f92080e'::uuid, 'TRX мышца', 1.0000),
  ('4dabcc49-7ad5-4db4-8c08-324da9af8543'::uuid, 'TRX мышца', 1.0000),
  ('677b6579-3bd3-4244-8ff6-c64ab5c54a20'::uuid, 'TRX мышца', 1.0000),
  ('1237d410-364a-48db-9fc6-a0f36fb218b5'::uuid, 'TRX мышца', 1.0000)
) AS v(exercise_id, muscle_name, load_share)
JOIN muscles m ON m.name = v.muscle_name
ON CONFLICT (exercise_id, muscle_id) DO UPDATE SET load_share = EXCLUDED.load_share;

INSERT INTO programs (id, name, description) VALUES
  ('79eaefd4-9d1a-4a6a-a628-51a7b64ea2f8', 'Фуллбоди начинающий', 'Фуллбоди программа для новичков'),
  ('c8a05111-5b43-4ddf-957d-96ef63f84157', 'Фуллбоди средний', 'Фуллбоди программа для среднего уровня'),
  ('f0111d44-6abe-49e7-a772-1c40b4dd49e4', 'Сплит Push/Pull/Legs', 'Сплит программа Push/Pull/Legs'),
  ('5dbbaacd-32b8-4570-9ce6-496c04f490e8', 'Сплит Верх/Низ', 'Сплит программа Верх/Низ')
ON CONFLICT (id) DO NOTHING;

INSERT INTO program_exercises (program_id, exercise_id, order_index) VALUES
  ('79eaefd4-9d1a-4a6a-a628-51a7b64ea2f8', '06445310-2e0b-4364-b7d6-1fc6e050b282', 4),
  ('c8a05111-5b43-4ddf-957d-96ef63f84157', '06445310-2e0b-4364-b7d6-1fc6e050b282', 6),
  ('f0111d44-6abe-49e7-a772-1c40b4dd49e4', '06445310-2e0b-4364-b7d6-1fc6e050b282', 9),
  ('5dbbaacd-32b8-4570-9ce6-496c04f490e8', '06445310-2e0b-4364-b7d6-1fc6e050b282', 5),
  ('79eaefd4-9d1a-4a6a-a628-51a7b64ea2f8', '6801aca2-c432-4392-a69f-d62829f7704a', 1),
  ('c8a05111-5b43-4ddf-957d-96ef63f84157', '6801aca2-c432-4392-a69f-d62829f7704a', 7),
  ('f0111d44-6abe-49e7-a772-1c40b4dd49e4', '6801aca2-c432-4392-a69f-d62829f7704a', 7),
  ('5dbbaacd-32b8-4570-9ce6-496c04f490e8', '6801aca2-c432-4392-a69f-d62829f7704a', 4),
  ('79eaefd4-9d1a-4a6a-a628-51a7b64ea2f8', '0bece3c0-304d-402f-8229-fab118c2854f', 10),
  ('c8a05111-5b43-4ddf-957d-96ef63f84157', '0bece3c0-304d-402f-8229-fab118c2854f', 1),
  ('f0111d44-6abe-49e7-a772-1c40b4dd49e4', '0bece3c0-304d-402f-8229-fab118c2854f', 8),
  ('5dbbaacd-32b8-4570-9ce6-496c04f490e8', '0bece3c0-304d-402f-8229-fab118c2854f', 6),
  ('79eaefd4-9d1a-4a6a-a628-51a7b64ea2f8', '4893e7e4-9d26-4ea1-9259-c1428fa92c6e', 4),
  ('c8a05111-5b43-4ddf-957d-96ef63f84157', '4893e7e4-9d26-4ea1-9259-c1428fa92c6e', 7),
  ('f0111d44-6abe-49e7-a772-1c40b4dd49e4', '4893e7e4-9d26-4ea1-9259-c1428fa92c6e', 3),
  ('5dbbaacd-32b8-4570-9ce6-496c04f490e8', '4893e7e4-9d26-4ea1-9259-c1428fa92c6e', 3),
  ('79eaefd4-9d1a-4a6a-a628-51a7b64ea2f8', 'd08c7d64-59dd-4b70-a82f-859adfae7b3f', 2),
  ('c8a05111-5b43-4ddf-957d-96ef63f84157', 'd08c7d64-59dd-4b70-a82f-859adfae7b3f', 5),
  ('f0111d44-6abe-49e7-a772-1c40b4dd49e4', 'd08c7d64-59dd-4b70-a82f-859adfae7b3f', 6),
  ('5dbbaacd-32b8-4570-9ce6-496c04f490e8', 'd08c7d64-59dd-4b70-a82f-859adfae7b3f', 3),
  ('79eaefd4-9d1a-4a6a-a628-51a7b64ea2f8', 'd273eb95-92f4-4670-9541-ba1654404bb6', 2),
  ('c8a05111-5b43-4ddf-957d-96ef63f84157', 'd273eb95-92f4-4670-9541-ba1654404bb6', 9),
  ('f0111d44-6abe-49e7-a772-1c40b4dd49e4', 'd273eb95-92f4-4670-9541-ba1654404bb6', 1),
  ('5dbbaacd-32b8-4570-9ce6-496c04f490e8', 'd273eb95-92f4-4670-9541-ba1654404bb6', 1),
  ('79eaefd4-9d1a-4a6a-a628-51a7b64ea2f8', '7b69fa10-3216-4873-ad3c-aea90d5cb450', 9),
  ('c8a05111-5b43-4ddf-957d-96ef63f84157', '7b69fa10-3216-4873-ad3c-aea90d5cb450', 3),
  ('f0111d44-6abe-49e7-a772-1c40b4dd49e4', '7b69fa10-3216-4873-ad3c-aea90d5cb450', 1),
  ('5dbbaacd-32b8-4570-9ce6-496c04f490e8', '7b69fa10-3216-4873-ad3c-aea90d5cb450', 7),
  ('79eaefd4-9d1a-4a6a-a628-51a7b64ea2f8', '4dd23dd0-300e-46a1-994d-1c362482214d', 9),
  ('c8a05111-5b43-4ddf-957d-96ef63f84157', '4dd23dd0-300e-46a1-994d-1c362482214d', 5),
  ('f0111d44-6abe-49e7-a772-1c40b4dd49e4', '4dd23dd0-300e-46a1-994d-1c362482214d', 6),
  ('5dbbaacd-32b8-4570-9ce6-496c04f490e8', '4dd23dd0-300e-46a1-994d-1c362482214d', 10),
  ('79eaefd4-9d1a-4a6a-a628-51a7b64ea2f8', '0200378a-e6fe-4962-a905-3ce7a3996b79', 3),
  ('c8a05111-5b43-4ddf-957d-96ef63f84157', '0200378a-e6fe-4962-a905-3ce7a3996b79', 8),
  ('f0111d44-6abe-49e7-a772-1c40b4dd49e4', '0200378a-e6fe-4962-a905-3ce7a3996b79', 2),
  ('5dbbaacd-32b8-4570-9ce6-496c04f490e8', '0200378a-e6fe-4962-a905-3ce7a3996b79', 2),
  ('79eaefd4-9d1a-4a6a-a628-51a7b64ea2f8', '83c3b3a5-d05d-431f-8de2-88dd8dcad214', 8),
  ('c8a05111-5b43-4ddf-957d-96ef63f84157', '83c3b3a5-d05d-431f-8de2-88dd8dcad214', 7),
  ('f0111d44-6abe-49e7-a772-1c40b4dd49e4', '83c3b3a5-d05d-431f-8de2-88dd8dcad214', 7),
  ('5dbbaacd-32b8-4570-9ce6-496c04f490e8', '83c3b3a5-d05d-431f-8de2-88dd8dcad214', 1),
  ('79eaefd4-9d1a-4a6a-a628-51a7b64ea2f8', '4f7a4073-111c-4f61-85ed-9d295b19ffa3', 7),
  ('c8a05111-5b43-4ddf-957d-96ef63f84157', '4f7a4073-111c-4f61-85ed-9d295b19ffa3', 3),
  ('f0111d44-6abe-49e7-a772-1c40b4dd49e4', '4f7a4073-111c-4f61-85ed-9d295b19ffa3', 4),
  ('5dbbaacd-32b8-4570-9ce6-496c04f490e8', '4f7a4073-111c-4f61-85ed-9d295b19ffa3', 7),
  ('79eaefd4-9d1a-4a6a-a628-51a7b64ea2f8', 'a6352f59-1e5a-4f46-837a-fac570ea6d65', 10),
  ('c8a05111-5b43-4ddf-957d-96ef63f84157', 'a6352f59-1e5a-4f46-837a-fac570ea6d65', 9),
  ('f0111d44-6abe-49e7-a772-1c40b4dd49e4', 'a6352f59-1e5a-4f46-837a-fac570ea6d65', 8),
  ('5dbbaacd-32b8-4570-9ce6-496c04f490e8', 'a6352f59-1e5a-4f46-837a-fac570ea6d65', 3),
  ('79eaefd4-9d1a-4a6a-a628-51a7b64ea2f8', 'ab39e388-2f50-4466-bc7c-0b4f6ff41a60', 4),
  ('c8a05111-5b43-4ddf-957d-96ef63f84157', 'ab39e388-2f50-4466-bc7c-0b4f6ff41a60', 6),
  ('f0111d44-6abe-49e7-a772-1c40b4dd49e4', 'ab39e388-2f50-4466-bc7c-0b4f6ff41a60', 9),
  ('5dbbaacd-32b8-4570-9ce6-496c04f490e8', 'ab39e388-2f50-4466-bc7c-0b4f6ff41a60', 7),
  ('79eaefd4-9d1a-4a6a-a628-51a7b64ea2f8', '2be2e3be-513d-4ba3-a90a-59bd51060b27', 6),
  ('c8a05111-5b43-4ddf-957d-96ef63f84157', '2be2e3be-513d-4ba3-a90a-59bd51060b27', 1),
  ('f0111d44-6abe-49e7-a772-1c40b4dd49e4', '2be2e3be-513d-4ba3-a90a-59bd51060b27', 7),
  ('5dbbaacd-32b8-4570-9ce6-496c04f490e8', '2be2e3be-513d-4ba3-a90a-59bd51060b27', 2),
  ('79eaefd4-9d1a-4a6a-a628-51a7b64ea2f8', 'e84d96e2-8c05-4762-866c-b798d1f875d5', 9),
  ('c8a05111-5b43-4ddf-957d-96ef63f84157', 'e84d96e2-8c05-4762-866c-b798d1f875d5', 3),
  ('f0111d44-6abe-49e7-a772-1c40b4dd49e4', 'e84d96e2-8c05-4762-866c-b798d1f875d5', 5),
  ('5dbbaacd-32b8-4570-9ce6-496c04f490e8', 'e84d96e2-8c05-4762-866c-b798d1f875d5', 2),
  ('79eaefd4-9d1a-4a6a-a628-51a7b64ea2f8', '536ec450-0a09-42db-8814-f7729937efd8', 2),
  ('c8a05111-5b43-4ddf-957d-96ef63f84157', '536ec450-0a09-42db-8814-f7729937efd8', 10),
  ('f0111d44-6abe-49e7-a772-1c40b4dd49e4', '536ec450-0a09-42db-8814-f7729937efd8', 5),
  ('5dbbaacd-32b8-4570-9ce6-496c04f490e8', '536ec450-0a09-42db-8814-f7729937efd8', 3),
  ('79eaefd4-9d1a-4a6a-a628-51a7b64ea2f8', 'dda7c71a-0cb0-47b4-8bb2-01f511e992cc', 4),
  ('c8a05111-5b43-4ddf-957d-96ef63f84157', 'dda7c71a-0cb0-47b4-8bb2-01f511e992cc', 1),
  ('f0111d44-6abe-49e7-a772-1c40b4dd49e4', 'dda7c71a-0cb0-47b4-8bb2-01f511e992cc', 5),
  ('5dbbaacd-32b8-4570-9ce6-496c04f490e8', 'dda7c71a-0cb0-47b4-8bb2-01f511e992cc', 7),
  ('79eaefd4-9d1a-4a6a-a628-51a7b64ea2f8', 'a528ff26-c96e-4d81-a541-d4f565c7ecdc', 7),
  ('c8a05111-5b43-4ddf-957d-96ef63f84157', 'a528ff26-c96e-4d81-a541-d4f565c7ecdc', 2),
  ('f0111d44-6abe-49e7-a772-1c40b4dd49e4', 'a528ff26-c96e-4d81-a541-d4f565c7ecdc', 10),
  ('5dbbaacd-32b8-4570-9ce6-496c04f490e8', 'a528ff26-c96e-4d81-a541-d4f565c7ecdc', 9),
  ('79eaefd4-9d1a-4a6a-a628-51a7b64ea2f8', '9d7c15c3-0b75-48f7-a04f-0f42790a5a2c', 7),
  ('c8a05111-5b43-4ddf-957d-96ef63f84157', '9d7c15c3-0b75-48f7-a04f-0f42790a5a2c', 7),
  ('f0111d44-6abe-49e7-a772-1c40b4dd49e4', '9d7c15c3-0b75-48f7-a04f-0f42790a5a2c', 5),
  ('5dbbaacd-32b8-4570-9ce6-496c04f490e8', '9d7c15c3-0b75-48f7-a04f-0f42790a5a2c', 10),
  ('79eaefd4-9d1a-4a6a-a628-51a7b64ea2f8', '8b318109-14d8-413b-8817-8d755faa7b63', 7),
  ('c8a05111-5b43-4ddf-957d-96ef63f84157', '8b318109-14d8-413b-8817-8d755faa7b63', 7),
  ('f0111d44-6abe-49e7-a772-1c40b4dd49e4', '8b318109-14d8-413b-8817-8d755faa7b63', 2),
  ('5dbbaacd-32b8-4570-9ce6-496c04f490e8', '8b318109-14d8-413b-8817-8d755faa7b63', 6),
  ('79eaefd4-9d1a-4a6a-a628-51a7b64ea2f8', 'e26d8676-e806-449d-8395-2da81102753a', 1),
  ('c8a05111-5b43-4ddf-957d-96ef63f84157', 'e26d8676-e806-449d-8395-2da81102753a', 3),
  ('f0111d44-6abe-49e7-a772-1c40b4dd49e4', 'e26d8676-e806-449d-8395-2da81102753a', 2),
  ('5dbbaacd-32b8-4570-9ce6-496c04f490e8', 'e26d8676-e806-449d-8395-2da81102753a', 5),
  ('79eaefd4-9d1a-4a6a-a628-51a7b64ea2f8', 'b9df1f6a-9e16-4a38-b8fc-87683c4db4b1', 10),
  ('c8a05111-5b43-4ddf-957d-96ef63f84157', 'b9df1f6a-9e16-4a38-b8fc-87683c4db4b1', 1),
  ('f0111d44-6abe-49e7-a772-1c40b4dd49e4', 'b9df1f6a-9e16-4a38-b8fc-87683c4db4b1', 7),
  ('5dbbaacd-32b8-4570-9ce6-496c04f490e8', 'b9df1f6a-9e16-4a38-b8fc-87683c4db4b1', 4),
  ('79eaefd4-9d1a-4a6a-a628-51a7b64ea2f8', '0ccc60e0-77c0-4748-ab8b-6a4e41a45347', 6),
  ('c8a05111-5b43-4ddf-957d-96ef63f84157', '0ccc60e0-77c0-4748-ab8b-6a4e41a45347', 10),
  ('f0111d44-6abe-49e7-a772-1c40b4dd49e4', '0ccc60e0-77c0-4748-ab8b-6a4e41a45347', 6),
  ('5dbbaacd-32b8-4570-9ce6-496c04f490e8', '0ccc60e0-77c0-4748-ab8b-6a4e41a45347', 8),
  ('79eaefd4-9d1a-4a6a-a628-51a7b64ea2f8', 'a4bed15e-6b8c-48ba-9d55-95b5514f5534', 7),
  ('c8a05111-5b43-4ddf-957d-96ef63f84157', 'a4bed15e-6b8c-48ba-9d55-95b5514f5534', 8),
  ('f0111d44-6abe-49e7-a772-1c40b4dd49e4', 'a4bed15e-6b8c-48ba-9d55-95b5514f5534', 5),
  ('5dbbaacd-32b8-4570-9ce6-496c04f490e8', 'a4bed15e-6b8c-48ba-9d55-95b5514f5534', 8),
  ('79eaefd4-9d1a-4a6a-a628-51a7b64ea2f8', 'd792df34-cbf2-43dc-91d6-ff00e98a5df9', 2),
  ('c8a05111-5b43-4ddf-957d-96ef63f84157', 'd792df34-cbf2-43dc-91d6-ff00e98a5df9', 9),
  ('f0111d44-6abe-49e7-a772-1c40b4dd49e4', 'd792df34-cbf2-43dc-91d6-ff00e98a5df9', 4),
  ('5dbbaacd-32b8-4570-9ce6-496c04f490e8', 'd792df34-cbf2-43dc-91d6-ff00e98a5df9', 1),
  ('79eaefd4-9d1a-4a6a-a628-51a7b64ea2f8', '307fbbe0-70b0-40b1-998f-7bdeab10f56b', 3),
  ('c8a05111-5b43-4ddf-957d-96ef63f84157', '307fbbe0-70b0-40b1-998f-7bdeab10f56b', 1),
  ('f0111d44-6abe-49e7-a772-1c40b4dd49e4', '307fbbe0-70b0-40b1-998f-7bdeab10f56b', 1),
  ('5dbbaacd-32b8-4570-9ce6-496c04f490e8', '307fbbe0-70b0-40b1-998f-7bdeab10f56b', 2),
  ('79eaefd4-9d1a-4a6a-a628-51a7b64ea2f8', 'e57f1bdd-7621-4e1e-9574-1042183ea1b5', 2),
  ('c8a05111-5b43-4ddf-957d-96ef63f84157', 'e57f1bdd-7621-4e1e-9574-1042183ea1b5', 5),
  ('f0111d44-6abe-49e7-a772-1c40b4dd49e4', 'e57f1bdd-7621-4e1e-9574-1042183ea1b5', 8),
  ('5dbbaacd-32b8-4570-9ce6-496c04f490e8', 'e57f1bdd-7621-4e1e-9574-1042183ea1b5', 1),
  ('79eaefd4-9d1a-4a6a-a628-51a7b64ea2f8', '7e4d74d1-90d8-4000-8ed8-9e382dc8067f', 2),
  ('c8a05111-5b43-4ddf-957d-96ef63f84157', '7e4d74d1-90d8-4000-8ed8-9e382dc8067f', 10),
  ('f0111d44-6abe-49e7-a772-1c40b4dd49e4', '7e4d74d1-90d8-4000-8ed8-9e382dc8067f', 4),
  ('5dbbaacd-32b8-4570-9ce6-496c04f490e8', '7e4d74d1-90d8-4000-8ed8-9e382dc8067f', 1),
  ('79eaefd4-9d1a-4a6a-a628-51a7b64ea2f8', '1955f828-abd8-4d51-9822-e3b7fe92c746', 5),
  ('c8a05111-5b43-4ddf-957d-96ef63f84157', '1955f828-abd8-4d51-9822-e3b7fe92c746', 7),
  ('f0111d44-6abe-49e7-a772-1c40b4dd49e4', '1955f828-abd8-4d51-9822-e3b7fe92c746', 1),
  ('5dbbaacd-32b8-4570-9ce6-496c04f490e8', '1955f828-abd8-4d51-9822-e3b7fe92c746', 3),
  ('79eaefd4-9d1a-4a6a-a628-51a7b64ea2f8', '2364e935-835a-434e-aa3d-b7c2b008dcc2', 10),
  ('c8a05111-5b43-4ddf-957d-96ef63f84157', '2364e935-835a-434e-aa3d-b7c2b008dcc2', 9),
  ('f0111d44-6abe-49e7-a772-1c40b4dd49e4', '2364e935-835a-434e-aa3d-b7c2b008dcc2', 6),
  ('5dbbaacd-32b8-4570-9ce6-496c04f490e8', '2364e935-835a-434e-aa3d-b7c2b008dcc2', 4),
  ('79eaefd4-9d1a-4a6a-a628-51a7b64ea2f8', '0773ebae-5ed7-45c6-b567-cc7607a40b65', 6),
  ('c8a05111-5b43-4ddf-957d-96ef63f84157', '0773ebae-5ed7-45c6-b567-cc7607a40b65', 8),
  ('f0111d44-6abe-49e7-a772-1c40b4dd49e4', '0773ebae-5ed7-45c6-b567-cc7607a40b65', 8),
  ('5dbbaacd-32b8-4570-9ce6-496c04f490e8', '0773ebae-5ed7-45c6-b567-cc7607a40b65', 6),
  ('79eaefd4-9d1a-4a6a-a628-51a7b64ea2f8', '10115e5f-e50b-4e40-9c0a-b0c01a1f8929', 7),
  ('c8a05111-5b43-4ddf-957d-96ef63f84157', '10115e5f-e50b-4e40-9c0a-b0c01a1f8929', 4),
  ('f0111d44-6abe-49e7-a772-1c40b4dd49e4', '10115e5f-e50b-4e40-9c0a-b0c01a1f8929', 5),
  ('5dbbaacd-32b8-4570-9ce6-496c04f490e8', '10115e5f-e50b-4e40-9c0a-b0c01a1f8929', 3),
  ('79eaefd4-9d1a-4a6a-a628-51a7b64ea2f8', 'b9dcb93c-b0c0-4f0f-bf3b-cfa924a6e035', 9),
  ('c8a05111-5b43-4ddf-957d-96ef63f84157', 'b9dcb93c-b0c0-4f0f-bf3b-cfa924a6e035', 10),
  ('f0111d44-6abe-49e7-a772-1c40b4dd49e4', 'b9dcb93c-b0c0-4f0f-bf3b-cfa924a6e035', 1),
  ('5dbbaacd-32b8-4570-9ce6-496c04f490e8', 'b9dcb93c-b0c0-4f0f-bf3b-cfa924a6e035', 2),
  ('79eaefd4-9d1a-4a6a-a628-51a7b64ea2f8', 'd795a117-f39b-4e50-96f0-79b581751cd9', 6),
  ('c8a05111-5b43-4ddf-957d-96ef63f84157', 'd795a117-f39b-4e50-96f0-79b581751cd9', 10),
  ('f0111d44-6abe-49e7-a772-1c40b4dd49e4', 'd795a117-f39b-4e50-96f0-79b581751cd9', 10),
  ('5dbbaacd-32b8-4570-9ce6-496c04f490e8', 'd795a117-f39b-4e50-96f0-79b581751cd9', 1),
  ('79eaefd4-9d1a-4a6a-a628-51a7b64ea2f8', '10612425-8cbb-4cc0-b990-59e2fd9d045e', 1),
  ('c8a05111-5b43-4ddf-957d-96ef63f84157', '10612425-8cbb-4cc0-b990-59e2fd9d045e', 9),
  ('f0111d44-6abe-49e7-a772-1c40b4dd49e4', '10612425-8cbb-4cc0-b990-59e2fd9d045e', 9),
  ('5dbbaacd-32b8-4570-9ce6-496c04f490e8', '10612425-8cbb-4cc0-b990-59e2fd9d045e', 3),
  ('79eaefd4-9d1a-4a6a-a628-51a7b64ea2f8', 'ae47c058-39d2-4794-87ae-51c1758c16ec', 6),
  ('c8a05111-5b43-4ddf-957d-96ef63f84157', 'ae47c058-39d2-4794-87ae-51c1758c16ec', 2),
  ('f0111d44-6abe-49e7-a772-1c40b4dd49e4', 'ae47c058-39d2-4794-87ae-51c1758c16ec', 9),
  ('5dbbaacd-32b8-4570-9ce6-496c04f490e8', 'ae47c058-39d2-4794-87ae-51c1758c16ec', 7),
  ('79eaefd4-9d1a-4a6a-a628-51a7b64ea2f8', '0c864f3d-963e-4eb8-bd10-c13abbc0fe30', 5),
  ('c8a05111-5b43-4ddf-957d-96ef63f84157', '0c864f3d-963e-4eb8-bd10-c13abbc0fe30', 9),
  ('f0111d44-6abe-49e7-a772-1c40b4dd49e4', '0c864f3d-963e-4eb8-bd10-c13abbc0fe30', 6),
  ('5dbbaacd-32b8-4570-9ce6-496c04f490e8', '0c864f3d-963e-4eb8-bd10-c13abbc0fe30', 1),
  ('79eaefd4-9d1a-4a6a-a628-51a7b64ea2f8', '81e01976-20e0-413f-8d8f-9e45545588fe', 3),
  ('c8a05111-5b43-4ddf-957d-96ef63f84157', '81e01976-20e0-413f-8d8f-9e45545588fe', 1),
  ('f0111d44-6abe-49e7-a772-1c40b4dd49e4', '81e01976-20e0-413f-8d8f-9e45545588fe', 3),
  ('5dbbaacd-32b8-4570-9ce6-496c04f490e8', '81e01976-20e0-413f-8d8f-9e45545588fe', 2),
  ('79eaefd4-9d1a-4a6a-a628-51a7b64ea2f8', '16effbd2-0567-4ca2-a9b0-1bdf426e811b', 8),
  ('c8a05111-5b43-4ddf-957d-96ef63f84157', '16effbd2-0567-4ca2-a9b0-1bdf426e811b', 9),
  ('f0111d44-6abe-49e7-a772-1c40b4dd49e4', '16effbd2-0567-4ca2-a9b0-1bdf426e811b', 2),
  ('5dbbaacd-32b8-4570-9ce6-496c04f490e8', '16effbd2-0567-4ca2-a9b0-1bdf426e811b', 6),
  ('79eaefd4-9d1a-4a6a-a628-51a7b64ea2f8', '53c99c84-fbfd-4b32-a42b-9d3c8c56f93c', 8),
  ('c8a05111-5b43-4ddf-957d-96ef63f84157', '53c99c84-fbfd-4b32-a42b-9d3c8c56f93c', 7),
  ('f0111d44-6abe-49e7-a772-1c40b4dd49e4', '53c99c84-fbfd-4b32-a42b-9d3c8c56f93c', 10),
  ('5dbbaacd-32b8-4570-9ce6-496c04f490e8', '53c99c84-fbfd-4b32-a42b-9d3c8c56f93c', 2),
  ('79eaefd4-9d1a-4a6a-a628-51a7b64ea2f8', '42cfcaa3-f2ae-4077-8704-5ba9f4989995', 4),
  ('c8a05111-5b43-4ddf-957d-96ef63f84157', '42cfcaa3-f2ae-4077-8704-5ba9f4989995', 6),
  ('f0111d44-6abe-49e7-a772-1c40b4dd49e4', '42cfcaa3-f2ae-4077-8704-5ba9f4989995', 10),
  ('5dbbaacd-32b8-4570-9ce6-496c04f490e8', '42cfcaa3-f2ae-4077-8704-5ba9f4989995', 4),
  ('79eaefd4-9d1a-4a6a-a628-51a7b64ea2f8', '6505bb6b-0164-4bc6-a4a1-6c79a0a0a6c1', 3),
  ('c8a05111-5b43-4ddf-957d-96ef63f84157', '6505bb6b-0164-4bc6-a4a1-6c79a0a0a6c1', 7),
  ('f0111d44-6abe-49e7-a772-1c40b4dd49e4', '6505bb6b-0164-4bc6-a4a1-6c79a0a0a6c1', 10),
  ('5dbbaacd-32b8-4570-9ce6-496c04f490e8', '6505bb6b-0164-4bc6-a4a1-6c79a0a0a6c1', 4),
  ('79eaefd4-9d1a-4a6a-a628-51a7b64ea2f8', 'ab6b8f25-d4cb-46db-892f-65c3e576e744', 5),
  ('c8a05111-5b43-4ddf-957d-96ef63f84157', 'ab6b8f25-d4cb-46db-892f-65c3e576e744', 5),
  ('f0111d44-6abe-49e7-a772-1c40b4dd49e4', 'ab6b8f25-d4cb-46db-892f-65c3e576e744', 4),
  ('5dbbaacd-32b8-4570-9ce6-496c04f490e8', 'ab6b8f25-d4cb-46db-892f-65c3e576e744', 3),
  ('79eaefd4-9d1a-4a6a-a628-51a7b64ea2f8', '12eb0159-ba09-4418-85e7-ea0df880ad89', 3),
  ('c8a05111-5b43-4ddf-957d-96ef63f84157', '12eb0159-ba09-4418-85e7-ea0df880ad89', 5),
  ('f0111d44-6abe-49e7-a772-1c40b4dd49e4', '12eb0159-ba09-4418-85e7-ea0df880ad89', 1),
  ('5dbbaacd-32b8-4570-9ce6-496c04f490e8', '12eb0159-ba09-4418-85e7-ea0df880ad89', 2),
  ('79eaefd4-9d1a-4a6a-a628-51a7b64ea2f8', '2d905e4a-27a6-458d-a26a-0e105279b46f', 1),
  ('c8a05111-5b43-4ddf-957d-96ef63f84157', '2d905e4a-27a6-458d-a26a-0e105279b46f', 8),
  ('f0111d44-6abe-49e7-a772-1c40b4dd49e4', '2d905e4a-27a6-458d-a26a-0e105279b46f', 6),
  ('5dbbaacd-32b8-4570-9ce6-496c04f490e8', '2d905e4a-27a6-458d-a26a-0e105279b46f', 10),
  ('79eaefd4-9d1a-4a6a-a628-51a7b64ea2f8', '617e9b32-ef8f-4c42-90a9-2e62a9a87bcc', 9),
  ('c8a05111-5b43-4ddf-957d-96ef63f84157', '617e9b32-ef8f-4c42-90a9-2e62a9a87bcc', 6),
  ('f0111d44-6abe-49e7-a772-1c40b4dd49e4', '617e9b32-ef8f-4c42-90a9-2e62a9a87bcc', 10),
  ('5dbbaacd-32b8-4570-9ce6-496c04f490e8', '617e9b32-ef8f-4c42-90a9-2e62a9a87bcc', 8),
  ('79eaefd4-9d1a-4a6a-a628-51a7b64ea2f8', '6e4cb65d-3f15-47db-aecb-f59a946b1632', 2),
  ('c8a05111-5b43-4ddf-957d-96ef63f84157', '6e4cb65d-3f15-47db-aecb-f59a946b1632', 9),
  ('f0111d44-6abe-49e7-a772-1c40b4dd49e4', '6e4cb65d-3f15-47db-aecb-f59a946b1632', 4),
  ('5dbbaacd-32b8-4570-9ce6-496c04f490e8', '6e4cb65d-3f15-47db-aecb-f59a946b1632', 7),
  ('79eaefd4-9d1a-4a6a-a628-51a7b64ea2f8', 'f3015c90-1c17-48b3-8065-2a22722bb540', 6),
  ('c8a05111-5b43-4ddf-957d-96ef63f84157', 'f3015c90-1c17-48b3-8065-2a22722bb540', 8),
  ('f0111d44-6abe-49e7-a772-1c40b4dd49e4', 'f3015c90-1c17-48b3-8065-2a22722bb540', 6),
  ('5dbbaacd-32b8-4570-9ce6-496c04f490e8', 'f3015c90-1c17-48b3-8065-2a22722bb540', 1),
  ('79eaefd4-9d1a-4a6a-a628-51a7b64ea2f8', 'dd19ae30-d36b-4206-ae80-e2b046512c8a', 10),
  ('c8a05111-5b43-4ddf-957d-96ef63f84157', 'dd19ae30-d36b-4206-ae80-e2b046512c8a', 6),
  ('f0111d44-6abe-49e7-a772-1c40b4dd49e4', 'dd19ae30-d36b-4206-ae80-e2b046512c8a', 10),
  ('5dbbaacd-32b8-4570-9ce6-496c04f490e8', 'dd19ae30-d36b-4206-ae80-e2b046512c8a', 2),
  ('79eaefd4-9d1a-4a6a-a628-51a7b64ea2f8', '79c4a2b9-51d3-47bf-960f-7bbb8f3e1e01', 5),
  ('c8a05111-5b43-4ddf-957d-96ef63f84157', '79c4a2b9-51d3-47bf-960f-7bbb8f3e1e01', 2),
  ('f0111d44-6abe-49e7-a772-1c40b4dd49e4', '79c4a2b9-51d3-47bf-960f-7bbb8f3e1e01', 2),
  ('5dbbaacd-32b8-4570-9ce6-496c04f490e8', '79c4a2b9-51d3-47bf-960f-7bbb8f3e1e01', 7),
  ('79eaefd4-9d1a-4a6a-a628-51a7b64ea2f8', '05bc5c25-ef5b-466b-8931-f9a0ca05b737', 6),
  ('c8a05111-5b43-4ddf-957d-96ef63f84157', '05bc5c25-ef5b-466b-8931-f9a0ca05b737', 7),
  ('f0111d44-6abe-49e7-a772-1c40b4dd49e4', '05bc5c25-ef5b-466b-8931-f9a0ca05b737', 6),
  ('5dbbaacd-32b8-4570-9ce6-496c04f490e8', '05bc5c25-ef5b-466b-8931-f9a0ca05b737', 5),
  ('79eaefd4-9d1a-4a6a-a628-51a7b64ea2f8', '09443d9e-2680-4de7-ac58-4d313d472756', 6),
  ('c8a05111-5b43-4ddf-957d-96ef63f84157', '09443d9e-2680-4de7-ac58-4d313d472756', 1),
  ('f0111d44-6abe-49e7-a772-1c40b4dd49e4', '09443d9e-2680-4de7-ac58-4d313d472756', 1),
  ('5dbbaacd-32b8-4570-9ce6-496c04f490e8', '09443d9e-2680-4de7-ac58-4d313d472756', 1),
  ('79eaefd4-9d1a-4a6a-a628-51a7b64ea2f8', '6b2f89b3-ae8e-4495-a09d-64aa081c33c5', 1),
  ('c8a05111-5b43-4ddf-957d-96ef63f84157', '6b2f89b3-ae8e-4495-a09d-64aa081c33c5', 3),
  ('f0111d44-6abe-49e7-a772-1c40b4dd49e4', '6b2f89b3-ae8e-4495-a09d-64aa081c33c5', 6),
  ('5dbbaacd-32b8-4570-9ce6-496c04f490e8', '6b2f89b3-ae8e-4495-a09d-64aa081c33c5', 9),
  ('79eaefd4-9d1a-4a6a-a628-51a7b64ea2f8', '2fa7fe40-06d0-4843-86b8-065c4f2596cb', 7),
  ('c8a05111-5b43-4ddf-957d-96ef63f84157', '2fa7fe40-06d0-4843-86b8-065c4f2596cb', 3),
  ('f0111d44-6abe-49e7-a772-1c40b4dd49e4', '2fa7fe40-06d0-4843-86b8-065c4f2596cb', 1),
  ('5dbbaacd-32b8-4570-9ce6-496c04f490e8', '2fa7fe40-06d0-4843-86b8-065c4f2596cb', 9),
  ('79eaefd4-9d1a-4a6a-a628-51a7b64ea2f8', 'e79fa741-bac0-42ef-a6a2-0a60c9a32278', 10),
  ('c8a05111-5b43-4ddf-957d-96ef63f84157', 'e79fa741-bac0-42ef-a6a2-0a60c9a32278', 1),
  ('f0111d44-6abe-49e7-a772-1c40b4dd49e4', 'e79fa741-bac0-42ef-a6a2-0a60c9a32278', 7),
  ('5dbbaacd-32b8-4570-9ce6-496c04f490e8', 'e79fa741-bac0-42ef-a6a2-0a60c9a32278', 7),
  ('79eaefd4-9d1a-4a6a-a628-51a7b64ea2f8', '8457281f-0aec-4c11-bb13-a30b9d8780fe', 7),
  ('c8a05111-5b43-4ddf-957d-96ef63f84157', '8457281f-0aec-4c11-bb13-a30b9d8780fe', 2),
  ('f0111d44-6abe-49e7-a772-1c40b4dd49e4', '8457281f-0aec-4c11-bb13-a30b9d8780fe', 7),
  ('5dbbaacd-32b8-4570-9ce6-496c04f490e8', '8457281f-0aec-4c11-bb13-a30b9d8780fe', 9),
  ('79eaefd4-9d1a-4a6a-a628-51a7b64ea2f8', '25edd19c-ec77-4123-85ec-08cb410c6ff7', 4),
  ('c8a05111-5b43-4ddf-957d-96ef63f84157', '25edd19c-ec77-4123-85ec-08cb410c6ff7', 5),
  ('f0111d44-6abe-49e7-a772-1c40b4dd49e4', '25edd19c-ec77-4123-85ec-08cb410c6ff7', 6),
  ('5dbbaacd-32b8-4570-9ce6-496c04f490e8', '25edd19c-ec77-4123-85ec-08cb410c6ff7', 4),
  ('79eaefd4-9d1a-4a6a-a628-51a7b64ea2f8', '3db6a854-56ba-499b-b08d-b306882b0457', 9),
  ('c8a05111-5b43-4ddf-957d-96ef63f84157', '3db6a854-56ba-499b-b08d-b306882b0457', 4),
  ('f0111d44-6abe-49e7-a772-1c40b4dd49e4', '3db6a854-56ba-499b-b08d-b306882b0457', 5),
  ('5dbbaacd-32b8-4570-9ce6-496c04f490e8', '3db6a854-56ba-499b-b08d-b306882b0457', 2),
  ('79eaefd4-9d1a-4a6a-a628-51a7b64ea2f8', '0d121c78-406b-400f-bf60-e933385ac90b', 1),
  ('c8a05111-5b43-4ddf-957d-96ef63f84157', '0d121c78-406b-400f-bf60-e933385ac90b', 10),
  ('f0111d44-6abe-49e7-a772-1c40b4dd49e4', '0d121c78-406b-400f-bf60-e933385ac90b', 4),
  ('5dbbaacd-32b8-4570-9ce6-496c04f490e8', '0d121c78-406b-400f-bf60-e933385ac90b', 10),
  ('79eaefd4-9d1a-4a6a-a628-51a7b64ea2f8', 'e211a968-5edc-46a2-8f1c-f56a0ea63f91', 6),
  ('c8a05111-5b43-4ddf-957d-96ef63f84157', 'e211a968-5edc-46a2-8f1c-f56a0ea63f91', 8),
  ('f0111d44-6abe-49e7-a772-1c40b4dd49e4', 'e211a968-5edc-46a2-8f1c-f56a0ea63f91', 1),
  ('5dbbaacd-32b8-4570-9ce6-496c04f490e8', 'e211a968-5edc-46a2-8f1c-f56a0ea63f91', 2),
  ('79eaefd4-9d1a-4a6a-a628-51a7b64ea2f8', 'bdd968e1-ace6-4a86-9394-7b7b6a510049', 5),
  ('c8a05111-5b43-4ddf-957d-96ef63f84157', 'bdd968e1-ace6-4a86-9394-7b7b6a510049', 10),
  ('f0111d44-6abe-49e7-a772-1c40b4dd49e4', 'bdd968e1-ace6-4a86-9394-7b7b6a510049', 3),
  ('5dbbaacd-32b8-4570-9ce6-496c04f490e8', 'bdd968e1-ace6-4a86-9394-7b7b6a510049', 10),
  ('79eaefd4-9d1a-4a6a-a628-51a7b64ea2f8', 'bd97a1c7-457c-4e35-a458-5834f0b2061a', 2),
  ('c8a05111-5b43-4ddf-957d-96ef63f84157', 'bd97a1c7-457c-4e35-a458-5834f0b2061a', 1),
  ('f0111d44-6abe-49e7-a772-1c40b4dd49e4', 'bd97a1c7-457c-4e35-a458-5834f0b2061a', 3),
  ('5dbbaacd-32b8-4570-9ce6-496c04f490e8', 'bd97a1c7-457c-4e35-a458-5834f0b2061a', 7),
  ('79eaefd4-9d1a-4a6a-a628-51a7b64ea2f8', 'e3cb28dd-89bd-44c0-9b37-80c2abb3acd4', 10),
  ('c8a05111-5b43-4ddf-957d-96ef63f84157', 'e3cb28dd-89bd-44c0-9b37-80c2abb3acd4', 10),
  ('f0111d44-6abe-49e7-a772-1c40b4dd49e4', 'e3cb28dd-89bd-44c0-9b37-80c2abb3acd4', 7),
  ('5dbbaacd-32b8-4570-9ce6-496c04f490e8', 'e3cb28dd-89bd-44c0-9b37-80c2abb3acd4', 6),
  ('79eaefd4-9d1a-4a6a-a628-51a7b64ea2f8', '3ba9ecfc-6942-4486-9778-6f767c4647da', 1),
  ('c8a05111-5b43-4ddf-957d-96ef63f84157', '3ba9ecfc-6942-4486-9778-6f767c4647da', 1),
  ('f0111d44-6abe-49e7-a772-1c40b4dd49e4', '3ba9ecfc-6942-4486-9778-6f767c4647da', 6),
  ('5dbbaacd-32b8-4570-9ce6-496c04f490e8', '3ba9ecfc-6942-4486-9778-6f767c4647da', 2),
  ('79eaefd4-9d1a-4a6a-a628-51a7b64ea2f8', 'ddfafeb1-be44-4812-9f74-e7bdfc6b68ba', 4),
  ('c8a05111-5b43-4ddf-957d-96ef63f84157', 'ddfafeb1-be44-4812-9f74-e7bdfc6b68ba', 10),
  ('f0111d44-6abe-49e7-a772-1c40b4dd49e4', 'ddfafeb1-be44-4812-9f74-e7bdfc6b68ba', 7),
  ('5dbbaacd-32b8-4570-9ce6-496c04f490e8', 'ddfafeb1-be44-4812-9f74-e7bdfc6b68ba', 6),
  ('79eaefd4-9d1a-4a6a-a628-51a7b64ea2f8', '0a93c859-bae8-4d3c-8e6b-f32f0e071248', 6),
  ('c8a05111-5b43-4ddf-957d-96ef63f84157', '0a93c859-bae8-4d3c-8e6b-f32f0e071248', 5),
  ('f0111d44-6abe-49e7-a772-1c40b4dd49e4', '0a93c859-bae8-4d3c-8e6b-f32f0e071248', 7),
  ('5dbbaacd-32b8-4570-9ce6-496c04f490e8', '0a93c859-bae8-4d3c-8e6b-f32f0e071248', 8),
  ('79eaefd4-9d1a-4a6a-a628-51a7b64ea2f8', 'c5528088-e7b4-476a-91ee-d46b947adfe7', 3),
  ('c8a05111-5b43-4ddf-957d-96ef63f84157', 'c5528088-e7b4-476a-91ee-d46b947adfe7', 10),
  ('f0111d44-6abe-49e7-a772-1c40b4dd49e4', 'c5528088-e7b4-476a-91ee-d46b947adfe7', 3),
  ('5dbbaacd-32b8-4570-9ce6-496c04f490e8', 'c5528088-e7b4-476a-91ee-d46b947adfe7', 5),
  ('79eaefd4-9d1a-4a6a-a628-51a7b64ea2f8', '692a92f1-b458-4ccb-a46d-e6c4d39b0751', 2),
  ('c8a05111-5b43-4ddf-957d-96ef63f84157', '692a92f1-b458-4ccb-a46d-e6c4d39b0751', 10),
  ('f0111d44-6abe-49e7-a772-1c40b4dd49e4', '692a92f1-b458-4ccb-a46d-e6c4d39b0751', 9),
  ('5dbbaacd-32b8-4570-9ce6-496c04f490e8', '692a92f1-b458-4ccb-a46d-e6c4d39b0751', 8),
  ('79eaefd4-9d1a-4a6a-a628-51a7b64ea2f8', '2144c438-7763-4ed9-8e0e-ca2766831e31', 9),
  ('c8a05111-5b43-4ddf-957d-96ef63f84157', '2144c438-7763-4ed9-8e0e-ca2766831e31', 10),
  ('f0111d44-6abe-49e7-a772-1c40b4dd49e4', '2144c438-7763-4ed9-8e0e-ca2766831e31', 6),
  ('5dbbaacd-32b8-4570-9ce6-496c04f490e8', '2144c438-7763-4ed9-8e0e-ca2766831e31', 8),
  ('79eaefd4-9d1a-4a6a-a628-51a7b64ea2f8', '2e8619c3-828d-484c-95ea-09d244d78f58', 2),
  ('c8a05111-5b43-4ddf-957d-96ef63f84157', '2e8619c3-828d-484c-95ea-09d244d78f58', 10),
  ('f0111d44-6abe-49e7-a772-1c40b4dd49e4', '2e8619c3-828d-484c-95ea-09d244d78f58', 9),
  ('5dbbaacd-32b8-4570-9ce6-496c04f490e8', '2e8619c3-828d-484c-95ea-09d244d78f58', 6),
  ('79eaefd4-9d1a-4a6a-a628-51a7b64ea2f8', '50ca36e6-079d-4f58-94f6-01171bd45ba5', 4),
  ('c8a05111-5b43-4ddf-957d-96ef63f84157', '50ca36e6-079d-4f58-94f6-01171bd45ba5', 4),
  ('f0111d44-6abe-49e7-a772-1c40b4dd49e4', '50ca36e6-079d-4f58-94f6-01171bd45ba5', 1),
  ('5dbbaacd-32b8-4570-9ce6-496c04f490e8', '50ca36e6-079d-4f58-94f6-01171bd45ba5', 2),
  ('79eaefd4-9d1a-4a6a-a628-51a7b64ea2f8', '5cb51a75-d515-4dbf-a772-3cd35935fbca', 2),
  ('c8a05111-5b43-4ddf-957d-96ef63f84157', '5cb51a75-d515-4dbf-a772-3cd35935fbca', 8),
  ('f0111d44-6abe-49e7-a772-1c40b4dd49e4', '5cb51a75-d515-4dbf-a772-3cd35935fbca', 7),
  ('5dbbaacd-32b8-4570-9ce6-496c04f490e8', '5cb51a75-d515-4dbf-a772-3cd35935fbca', 6),
  ('79eaefd4-9d1a-4a6a-a628-51a7b64ea2f8', '47911679-4a97-4e1a-ae0a-fe3f4537f5ea', 1),
  ('c8a05111-5b43-4ddf-957d-96ef63f84157', '47911679-4a97-4e1a-ae0a-fe3f4537f5ea', 4),
  ('f0111d44-6abe-49e7-a772-1c40b4dd49e4', '47911679-4a97-4e1a-ae0a-fe3f4537f5ea', 4),
  ('5dbbaacd-32b8-4570-9ce6-496c04f490e8', '47911679-4a97-4e1a-ae0a-fe3f4537f5ea', 2),
  ('79eaefd4-9d1a-4a6a-a628-51a7b64ea2f8', 'd2953680-8420-4e30-b608-86558dcaa39a', 7),
  ('c8a05111-5b43-4ddf-957d-96ef63f84157', 'd2953680-8420-4e30-b608-86558dcaa39a', 3),
  ('f0111d44-6abe-49e7-a772-1c40b4dd49e4', 'd2953680-8420-4e30-b608-86558dcaa39a', 8),
  ('5dbbaacd-32b8-4570-9ce6-496c04f490e8', 'd2953680-8420-4e30-b608-86558dcaa39a', 2),
  ('79eaefd4-9d1a-4a6a-a628-51a7b64ea2f8', '5feb5559-7c43-4d65-bc0b-254c180fd597', 3),
  ('c8a05111-5b43-4ddf-957d-96ef63f84157', '5feb5559-7c43-4d65-bc0b-254c180fd597', 1),
  ('f0111d44-6abe-49e7-a772-1c40b4dd49e4', '5feb5559-7c43-4d65-bc0b-254c180fd597', 10),
  ('5dbbaacd-32b8-4570-9ce6-496c04f490e8', '5feb5559-7c43-4d65-bc0b-254c180fd597', 9),
  ('79eaefd4-9d1a-4a6a-a628-51a7b64ea2f8', 'e3bd2a1d-9e0c-430f-80ad-f1c1253b91f5', 5),
  ('c8a05111-5b43-4ddf-957d-96ef63f84157', 'e3bd2a1d-9e0c-430f-80ad-f1c1253b91f5', 7),
  ('f0111d44-6abe-49e7-a772-1c40b4dd49e4', 'e3bd2a1d-9e0c-430f-80ad-f1c1253b91f5', 4),
  ('5dbbaacd-32b8-4570-9ce6-496c04f490e8', 'e3bd2a1d-9e0c-430f-80ad-f1c1253b91f5', 1),
  ('79eaefd4-9d1a-4a6a-a628-51a7b64ea2f8', 'b3e5bd21-3278-4421-91f1-bc0dad99ec6b', 8),
  ('c8a05111-5b43-4ddf-957d-96ef63f84157', 'b3e5bd21-3278-4421-91f1-bc0dad99ec6b', 5),
  ('f0111d44-6abe-49e7-a772-1c40b4dd49e4', 'b3e5bd21-3278-4421-91f1-bc0dad99ec6b', 3),
  ('5dbbaacd-32b8-4570-9ce6-496c04f490e8', 'b3e5bd21-3278-4421-91f1-bc0dad99ec6b', 4),
  ('79eaefd4-9d1a-4a6a-a628-51a7b64ea2f8', 'dc5e13e5-7d3c-48cd-bb71-92549b3281bf', 2),
  ('c8a05111-5b43-4ddf-957d-96ef63f84157', 'dc5e13e5-7d3c-48cd-bb71-92549b3281bf', 5),
  ('f0111d44-6abe-49e7-a772-1c40b4dd49e4', 'dc5e13e5-7d3c-48cd-bb71-92549b3281bf', 1),
  ('5dbbaacd-32b8-4570-9ce6-496c04f490e8', 'dc5e13e5-7d3c-48cd-bb71-92549b3281bf', 6),
  ('79eaefd4-9d1a-4a6a-a628-51a7b64ea2f8', '107b62cc-4b6e-4d79-84f7-fc197df5adbe', 1),
  ('c8a05111-5b43-4ddf-957d-96ef63f84157', '107b62cc-4b6e-4d79-84f7-fc197df5adbe', 5),
  ('f0111d44-6abe-49e7-a772-1c40b4dd49e4', '107b62cc-4b6e-4d79-84f7-fc197df5adbe', 2),
  ('5dbbaacd-32b8-4570-9ce6-496c04f490e8', '107b62cc-4b6e-4d79-84f7-fc197df5adbe', 5),
  ('79eaefd4-9d1a-4a6a-a628-51a7b64ea2f8', '80fd6cac-f121-4997-8d42-935025573625', 5),
  ('c8a05111-5b43-4ddf-957d-96ef63f84157', '80fd6cac-f121-4997-8d42-935025573625', 7),
  ('f0111d44-6abe-49e7-a772-1c40b4dd49e4', '80fd6cac-f121-4997-8d42-935025573625', 9),
  ('5dbbaacd-32b8-4570-9ce6-496c04f490e8', '80fd6cac-f121-4997-8d42-935025573625', 8),
  ('79eaefd4-9d1a-4a6a-a628-51a7b64ea2f8', 'a03f0cba-4841-41da-ade9-e38df58b3394', 9),
  ('c8a05111-5b43-4ddf-957d-96ef63f84157', 'a03f0cba-4841-41da-ade9-e38df58b3394', 1),
  ('f0111d44-6abe-49e7-a772-1c40b4dd49e4', 'a03f0cba-4841-41da-ade9-e38df58b3394', 9),
  ('5dbbaacd-32b8-4570-9ce6-496c04f490e8', 'a03f0cba-4841-41da-ade9-e38df58b3394', 9),
  ('79eaefd4-9d1a-4a6a-a628-51a7b64ea2f8', '529ea939-4cec-4b7e-94e5-dfcab56fd491', 9),
  ('c8a05111-5b43-4ddf-957d-96ef63f84157', '529ea939-4cec-4b7e-94e5-dfcab56fd491', 8),
  ('f0111d44-6abe-49e7-a772-1c40b4dd49e4', '529ea939-4cec-4b7e-94e5-dfcab56fd491', 5),
  ('5dbbaacd-32b8-4570-9ce6-496c04f490e8', '529ea939-4cec-4b7e-94e5-dfcab56fd491', 7),
  ('79eaefd4-9d1a-4a6a-a628-51a7b64ea2f8', 'a65159ba-9baf-45d0-9926-ca6ba06b8ffd', 10),
  ('c8a05111-5b43-4ddf-957d-96ef63f84157', 'a65159ba-9baf-45d0-9926-ca6ba06b8ffd', 5),
  ('f0111d44-6abe-49e7-a772-1c40b4dd49e4', 'a65159ba-9baf-45d0-9926-ca6ba06b8ffd', 6),
  ('5dbbaacd-32b8-4570-9ce6-496c04f490e8', 'a65159ba-9baf-45d0-9926-ca6ba06b8ffd', 7),
  ('79eaefd4-9d1a-4a6a-a628-51a7b64ea2f8', '6df64e03-33a1-4752-9039-fd473ada7539', 9),
  ('c8a05111-5b43-4ddf-957d-96ef63f84157', '6df64e03-33a1-4752-9039-fd473ada7539', 4),
  ('f0111d44-6abe-49e7-a772-1c40b4dd49e4', '6df64e03-33a1-4752-9039-fd473ada7539', 6),
  ('5dbbaacd-32b8-4570-9ce6-496c04f490e8', '6df64e03-33a1-4752-9039-fd473ada7539', 4),
  ('79eaefd4-9d1a-4a6a-a628-51a7b64ea2f8', '4df6785e-beb6-441d-9024-c05617a457a6', 9),
  ('c8a05111-5b43-4ddf-957d-96ef63f84157', '4df6785e-beb6-441d-9024-c05617a457a6', 10),
  ('f0111d44-6abe-49e7-a772-1c40b4dd49e4', '4df6785e-beb6-441d-9024-c05617a457a6', 3),
  ('5dbbaacd-32b8-4570-9ce6-496c04f490e8', '4df6785e-beb6-441d-9024-c05617a457a6', 10),
  ('79eaefd4-9d1a-4a6a-a628-51a7b64ea2f8', 'f43d1324-6e24-486b-b0c3-d563941ce079', 4),
  ('c8a05111-5b43-4ddf-957d-96ef63f84157', 'f43d1324-6e24-486b-b0c3-d563941ce079', 2),
  ('f0111d44-6abe-49e7-a772-1c40b4dd49e4', 'f43d1324-6e24-486b-b0c3-d563941ce079', 10),
  ('5dbbaacd-32b8-4570-9ce6-496c04f490e8', 'f43d1324-6e24-486b-b0c3-d563941ce079', 9),
  ('79eaefd4-9d1a-4a6a-a628-51a7b64ea2f8', '413166af-1d50-42a5-8403-b59929cc5b07', 8),
  ('c8a05111-5b43-4ddf-957d-96ef63f84157', '413166af-1d50-42a5-8403-b59929cc5b07', 6),
  ('f0111d44-6abe-49e7-a772-1c40b4dd49e4', '413166af-1d50-42a5-8403-b59929cc5b07', 5),
  ('5dbbaacd-32b8-4570-9ce6-496c04f490e8', '413166af-1d50-42a5-8403-b59929cc5b07', 5),
  ('79eaefd4-9d1a-4a6a-a628-51a7b64ea2f8', 'b52eb0ff-981d-430c-ad7b-836a4295ced5', 8),
  ('c8a05111-5b43-4ddf-957d-96ef63f84157', 'b52eb0ff-981d-430c-ad7b-836a4295ced5', 6),
  ('f0111d44-6abe-49e7-a772-1c40b4dd49e4', 'b52eb0ff-981d-430c-ad7b-836a4295ced5', 5),
  ('5dbbaacd-32b8-4570-9ce6-496c04f490e8', 'b52eb0ff-981d-430c-ad7b-836a4295ced5', 2),
  ('79eaefd4-9d1a-4a6a-a628-51a7b64ea2f8', '6d34d6b1-2dab-40a2-8aee-3448dce6b023', 9),
  ('c8a05111-5b43-4ddf-957d-96ef63f84157', '6d34d6b1-2dab-40a2-8aee-3448dce6b023', 6),
  ('f0111d44-6abe-49e7-a772-1c40b4dd49e4', '6d34d6b1-2dab-40a2-8aee-3448dce6b023', 10),
  ('5dbbaacd-32b8-4570-9ce6-496c04f490e8', '6d34d6b1-2dab-40a2-8aee-3448dce6b023', 9),
  ('79eaefd4-9d1a-4a6a-a628-51a7b64ea2f8', 'bcb14782-df95-49b4-93c9-b5b334da9e59', 9),
  ('c8a05111-5b43-4ddf-957d-96ef63f84157', 'bcb14782-df95-49b4-93c9-b5b334da9e59', 3),
  ('f0111d44-6abe-49e7-a772-1c40b4dd49e4', 'bcb14782-df95-49b4-93c9-b5b334da9e59', 6),
  ('5dbbaacd-32b8-4570-9ce6-496c04f490e8', 'bcb14782-df95-49b4-93c9-b5b334da9e59', 4),
  ('79eaefd4-9d1a-4a6a-a628-51a7b64ea2f8', '318fc175-c495-419b-bc6c-2851ef180489', 4),
  ('c8a05111-5b43-4ddf-957d-96ef63f84157', '318fc175-c495-419b-bc6c-2851ef180489', 4),
  ('f0111d44-6abe-49e7-a772-1c40b4dd49e4', '318fc175-c495-419b-bc6c-2851ef180489', 2),
  ('5dbbaacd-32b8-4570-9ce6-496c04f490e8', '318fc175-c495-419b-bc6c-2851ef180489', 10),
  ('79eaefd4-9d1a-4a6a-a628-51a7b64ea2f8', '66082c66-b886-4a22-8e5f-b9cd965b204f', 6),
  ('c8a05111-5b43-4ddf-957d-96ef63f84157', '66082c66-b886-4a22-8e5f-b9cd965b204f', 5),
  ('f0111d44-6abe-49e7-a772-1c40b4dd49e4', '66082c66-b886-4a22-8e5f-b9cd965b204f', 3),
  ('5dbbaacd-32b8-4570-9ce6-496c04f490e8', '66082c66-b886-4a22-8e5f-b9cd965b204f', 5),
  ('79eaefd4-9d1a-4a6a-a628-51a7b64ea2f8', '53a06309-9c2e-41e4-91cc-eb0ef99fd7ce', 10),
  ('c8a05111-5b43-4ddf-957d-96ef63f84157', '53a06309-9c2e-41e4-91cc-eb0ef99fd7ce', 7),
  ('f0111d44-6abe-49e7-a772-1c40b4dd49e4', '53a06309-9c2e-41e4-91cc-eb0ef99fd7ce', 9),
  ('5dbbaacd-32b8-4570-9ce6-496c04f490e8', '53a06309-9c2e-41e4-91cc-eb0ef99fd7ce', 5),
  ('79eaefd4-9d1a-4a6a-a628-51a7b64ea2f8', '7eb97d4e-c7b4-4adc-9fec-8cbeb0453c9a', 2),
  ('c8a05111-5b43-4ddf-957d-96ef63f84157', '7eb97d4e-c7b4-4adc-9fec-8cbeb0453c9a', 8),
  ('f0111d44-6abe-49e7-a772-1c40b4dd49e4', '7eb97d4e-c7b4-4adc-9fec-8cbeb0453c9a', 4),
  ('5dbbaacd-32b8-4570-9ce6-496c04f490e8', '7eb97d4e-c7b4-4adc-9fec-8cbeb0453c9a', 9),
  ('79eaefd4-9d1a-4a6a-a628-51a7b64ea2f8', '8a123fff-5b39-4ee2-aa75-a2c216661ba1', 2),
  ('c8a05111-5b43-4ddf-957d-96ef63f84157', '8a123fff-5b39-4ee2-aa75-a2c216661ba1', 8),
  ('f0111d44-6abe-49e7-a772-1c40b4dd49e4', '8a123fff-5b39-4ee2-aa75-a2c216661ba1', 4),
  ('5dbbaacd-32b8-4570-9ce6-496c04f490e8', '8a123fff-5b39-4ee2-aa75-a2c216661ba1', 2),
  ('79eaefd4-9d1a-4a6a-a628-51a7b64ea2f8', '0cfbfa10-f1e5-4dd6-bed7-0fa9902f1ece', 2),
  ('c8a05111-5b43-4ddf-957d-96ef63f84157', '0cfbfa10-f1e5-4dd6-bed7-0fa9902f1ece', 8),
  ('f0111d44-6abe-49e7-a772-1c40b4dd49e4', '0cfbfa10-f1e5-4dd6-bed7-0fa9902f1ece', 5),
  ('5dbbaacd-32b8-4570-9ce6-496c04f490e8', '0cfbfa10-f1e5-4dd6-bed7-0fa9902f1ece', 2),
  ('79eaefd4-9d1a-4a6a-a628-51a7b64ea2f8', '775943a9-2607-4596-bbd7-3ee53f92080e', 7),
  ('c8a05111-5b43-4ddf-957d-96ef63f84157', '775943a9-2607-4596-bbd7-3ee53f92080e', 6),
  ('f0111d44-6abe-49e7-a772-1c40b4dd49e4', '775943a9-2607-4596-bbd7-3ee53f92080e', 9),
  ('5dbbaacd-32b8-4570-9ce6-496c04f490e8', '775943a9-2607-4596-bbd7-3ee53f92080e', 9),
  ('79eaefd4-9d1a-4a6a-a628-51a7b64ea2f8', '4dabcc49-7ad5-4db4-8c08-324da9af8543', 1),
  ('c8a05111-5b43-4ddf-957d-96ef63f84157', '4dabcc49-7ad5-4db4-8c08-324da9af8543', 5),
  ('f0111d44-6abe-49e7-a772-1c40b4dd49e4', '4dabcc49-7ad5-4db4-8c08-324da9af8543', 3),
  ('5dbbaacd-32b8-4570-9ce6-496c04f490e8', '4dabcc49-7ad5-4db4-8c08-324da9af8543', 9),
  ('79eaefd4-9d1a-4a6a-a628-51a7b64ea2f8', '677b6579-3bd3-4244-8ff6-c64ab5c54a20', 7),
  ('c8a05111-5b43-4ddf-957d-96ef63f84157', '677b6579-3bd3-4244-8ff6-c64ab5c54a20', 3),
  ('f0111d44-6abe-49e7-a772-1c40b4dd49e4', '677b6579-3bd3-4244-8ff6-c64ab5c54a20', 5),
  ('5dbbaacd-32b8-4570-9ce6-496c04f490e8', '677b6579-3bd3-4244-8ff6-c64ab5c54a20', 2),
  ('79eaefd4-9d1a-4a6a-a628-51a7b64ea2f8', '1237d410-364a-48db-9fc6-a0f36fb218b5', 9),
  ('c8a05111-5b43-4ddf-957d-96ef63f84157', '1237d410-364a-48db-9fc6-a0f36fb218b5', 9),
  ('f0111d44-6abe-49e7-a772-1c40b4dd49e4', '1237d410-364a-48db-9fc6-a0f36fb218b5', 1),
  ('5dbbaacd-32b8-4570-9ce6-496c04f490e8', '1237d410-364a-48db-9fc6-a0f36fb218b5', 7)
ON CONFLICT (program_id, exercise_id) DO UPDATE SET order_index = EXCLUDED.order_index;
